,date,cases_new,cases_import,cases_recovered,predict_cases,active_cases,rtk-ag,pcr,daily_positivity_rate,new_cases_Johor,active_case_Johor,new_cases_Kedah,active_case_Kedah,new_cases_Kelantan,active_case_Kelantan,new_cases_Melaka,active_case_Melaka,new_cases_Negeri Sembilan,active_case_Negeri Sembilan,new_cases_Pahang,active_case_Pahang,new_cases_Perak,active_case_Perak,new_cases_Perlis,active_case_Perlis,new_cases_Pulau Pinang,active_case_Pulau Pinang,new_cases_Sabah,active_case_Sabah,new_cases_Sarawak,active_case_Sarawak,new_cases_Selangor,active_case_Selangor,new_cases_Terengganu,active_case_Terengganu,new_cases_W.P. Kuala Lumpur,active_case_W.P. Kuala Lumpur,new_cases_W.P. Labuan,active_case_W.P. Labuan,new_cases_W.P. Putrajaya,active_case_W.P. Putrajaya
0,2020-01-25,4,4,0,0,4,0,5,80.0,4,4,0,0,0,0,0,0,0,0,0,0,0,0,0,0,0,0,0,0,0,0,0,0,0,0,0,0,0,0,0,0
1,2020-01-26,0,0,0,0,4,0,14,0.0,0,4,0,0,0,0,0,0,0,0,0,0,0,0,0,0,0,0,0,0,0,0,0,0,0,0,0,0,0,0,0,0
2,2020-01-27,0,0,0,0,4,0,24,0.0,0,4,0,0,0,0,0,0,0,0,0,0,0,0,0,0,0,0,0,0,0,0,0,0,0,0,0,0,0,0,0,0
3,2020-01-28,0,0,0,3,4,0,53,0.0,0,4,0,0,0,0,0,0,0,0,0,0,0,0,0,0,0,0,0,0,0,0,0,0,0,0,0,0,0,0,0,0
4,2020-01-29,3,3,0,1,7,0,71,4.23,2,6,1,1,0,0,0,0,0,0,0,0,0,0,0,0,0,0,0,0,0,0,0,0,0,0,0,0,0,0,0,0
5,2020-01-30,1,1,0,0,8,0,42,2.38,1,7,0,1,0,0,0,0,0,0,0,0,0,0,0,0,0,0,0,0,0,0,0,0,0,0,0,0,0,0,0,0
6,2020-01-31,0,0,0,0,8,0,47,0.0,0,7,0,1,0,0,0,0,0,0,0,0,0,0,0,0,0,0,0,0,0,0,0,0,0,0,0,0,0,0,0,0
7,2020-02-01,0,0,0,0,8,0,28,0.0,0,7,0,1,0,0,0,0,0,0,0,0,0,0,0,0,0,0,0,0,0,0,0,0,0,0,0,0,0,0,0,0
8,2020-02-02,0,0,0,0,8,0,66,0.0,0,7,0,1,0,0,0,0,0,0,0,0,0,0,0,0,0,0,0,0,0,0,0,0,0,0,0,0,0,0,0,0
9,2020-02-03,0,0,0,2,8,0,41,0.0,0,7,0,1,0,0,0,0,0,0,0,0,0,0,0,0,0,0,0,0,0,0,0,0,0,0,0,0,0,0,0,0
10,2020-02-04,2,2,0,2,10,0,51,3.92,0,7,0,1,0,0,0,0,0,0,0,0,0,0,0,0,0,0,0,0,0,0,1,1,0,0,1,1,0,0,0,0
11,2020-02-05,2,2,1,2,11,0,50,4.0,0,7,0,0,0,0,0,0,2,2,0,0,0,0,0,0,0,0,0,0,0,0,0,1,0,0,0,1,0,0,0,0
12,2020-02-06,2,1,0,1,13,0,224,0.89,0,7,1,1,0,0,0,0,0,2,0,0,0,0,0,0,0,0,0,0,0,0,0,1,0,0,1,2,0,0,0,0
13,2020-02-07,1,1,0,1,14,0,187,0.53,1,8,0,1,0,0,0,0,0,2,0,0,0,0,0,0,0,0,0,0,0,0,0,1,0,0,0,2,0,0,0,0
14,2020-02-08,1,1,1,1,14,0,76,1.32,0,7,0,1,0,0,0,0,0,2,0,0,0,0,0,0,0,0,0,0,0,0,0,1,0,0,1,3,0,0,0,0
15,2020-02-09,1,0,1,1,14,0,108,0.93,0,7,0,1,0,0,0,0,0,2,0,0,0,0,0,0,0,0,0,0,0,0,1,2,0,0,0,2,0,0,0,0
16,2020-02-10,1,1,0,0,15,0,80,1.25,0,7,0,1,0,0,0,0,0,2,0,0,0,0,0,0,0,0,0,0,0,0,1,3,0,0,0,2,0,0,0,0
17,2020-02-11,0,0,0,0,15,0,211,0.0,0,7,0,1,0,0,0,0,0,2,0,0,0,0,0,0,0,0,0,0,0,0,0,3,0,0,0,2,0,0,0,0
18,2020-02-12,0,0,0,0,15,0,220,0.0,0,7,0,1,0,0,0,0,0,2,0,0,0,0,0,0,0,0,0,0,0,0,0,3,0,0,0,2,0,0,0,0
19,2020-02-13,0,0,0,1,15,0,170,0.0,0,7,0,1,0,0,0,0,0,2,0,0,0,0,0,0,0,0,0,0,0,0,0,3,0,0,0,2,0,0,0,0
20,2020-02-14,1,1,4,3,12,0,116,0.86,0,3,0,1,0,0,0,0,0,2,0,0,0,0,0,0,0,0,0,0,0,0,0,3,0,0,1,3,0,0,0,0
21,2020-02-15,3,3,1,0,14,0,153,1.96,0,2,1,2,0,0,0,0,0,2,0,0,0,0,0,0,0,0,0,0,0,0,2,5,0,0,0,3,0,0,0,0
22,2020-02-16,0,0,0,0,14,0,124,0.0,0,2,0,2,0,0,0,0,0,2,0,0,0,0,0,0,0,0,0,0,0,0,0,5,0,0,0,3,0,0,0,0
23,2020-02-17,0,0,3,0,11,0,85,0.0,0,2,0,2,0,0,0,0,0,0,0,0,0,0,0,0,0,0,0,0,0,0,0,4,0,0,0,3,0,0,0,0
24,2020-02-18,0,0,2,0,9,0,262,0.0,0,0,0,2,0,0,0,0,0,0,0,0,0,0,0,0,0,0,0,0,0,0,0,4,0,0,0,3,0,0,0,0
25,2020-02-19,0,0,4,0,5,0,99,0.0,0,0,0,1,0,0,0,0,0,0,0,0,0,0,0,0,0,0,0,0,0,0,0,1,0,0,0,3,0,0,0,0
26,2020-02-20,0,0,0,0,5,0,96,0.0,0,0,0,1,0,0,0,0,0,0,0,0,0,0,0,0,0,0,0,0,0,0,0,1,0,0,0,3,0,0,0,0
27,2020-02-21,0,0,0,0,5,0,72,0.0,0,0,0,1,0,0,0,0,0,0,0,0,0,0,0,0,0,0,0,0,0,0,0,1,0,0,0,3,0,0,0,0
28,2020-02-22,0,0,1,0,4,0,33,0.0,0,0,0,0,0,0,0,0,0,0,0,0,0,0,0,0,0,0,0,0,0,0,0,1,0,0,0,3,0,0,0,0
29,2020-02-23,0,0,0,0,4,0,119,0.0,0,0,0,0,0,0,0,0,0,0,0,0,0,0,0,0,0,0,0,0,0,0,0,1,0,0,0,3,0,0,0,0
30,2020-02-24,0,0,2,0,2,0,54,0.0,0,0,0,0,0,0,0,0,0,0,0,0,0,0,0,0,0,0,0,0,0,0,0,1,0,0,0,1,0,0,0,0
31,2020-02-25,0,0,0,0,2,0,117,0.0,0,0,0,0,0,0,0,0,0,0,0,0,0,0,0,0,0,0,0,0,0,0,0,1,0,0,0,1,0,0,0,0
32,2020-02-26,0,0,0,1,2,0,193,0.0,0,0,0,0,0,0,0,0,0,0,0,0,0,0,0,0,0,0,0,0,0,0,0,1,0,0,0,1,0,0,0,0
33,2020-02-27,1,1,2,2,1,0,139,0.72,0,0,0,0,0,0,0,0,0,0,0,0,0,0,0,0,0,0,0,0,0,0,1,1,0,0,0,0,0,0,0,0
34,2020-02-28,2,2,0,4,3,0,236,0.85,0,0,0,0,0,0,0,0,0,0,0,0,0,0,0,0,0,0,0,0,0,0,1,2,0,0,1,1,0,0,0,0
35,2020-02-29,4,1,0,0,7,0,211,1.9,0,0,0,0,0,0,0,0,0,0,0,0,0,0,0,0,0,0,0,0,0,0,4,6,0,0,0,1,0,0,0,0
36,2020-03-01,0,0,0,0,7,0,198,0.0,0,0,0,0,0,0,0,0,0,0,0,0,0,0,0,0,0,0,0,0,0,0,0,6,0,0,0,1,0,0,0,0
37,2020-03-02,0,0,0,7,7,0,236,0.0,0,0,0,0,0,0,0,0,0,0,0,0,0,0,0,0,0,0,0,0,0,0,0,6,0,0,0,1,0,0,0,0
38,2020-03-03,7,1,0,14,14,0,540,1.3,0,0,0,0,0,0,0,0,0,0,0,0,0,0,0,0,0,0,0,0,0,0,6,12,0,0,0,1,0,0,1,1
39,2020-03-04,14,0,1,5,27,0,615,2.28,1,1,0,0,0,0,0,0,2,2,0,0,0,0,0,0,0,0,0,0,0,0,7,19,0,0,3,3,0,0,1,2
40,2020-03-05,5,0,0,28,32,0,782,0.64,0,1,0,0,0,0,0,0,0,2,0,0,0,0,0,0,0,0,0,0,0,0,4,23,0,0,1,4,0,0,0,2
41,2020-03-06,28,1,0,10,60,0,617,4.54,1,2,0,0,0,0,0,0,0,2,0,0,0,0,0,0,1,1,0,0,0,0,21,44,0,0,5,9,0,0,0,2
42,2020-03-07,10,2,1,6,69,0,916,1.09,2,4,0,0,0,0,0,0,0,2,0,0,0,0,0,0,0,1,0,0,0,0,8,52,0,0,0,8,0,0,0,2
43,2020-03-08,6,0,1,18,74,0,456,1.32,0,4,0,0,0,0,0,0,0,2,0,0,0,0,0,0,0,1,0,0,0,0,6,57,0,0,0,8,0,0,0,2
44,2020-03-09,18,2,1,12,91,0,595,3.03,0,4,0,0,0,0,0,0,1,3,0,0,0,0,0,0,0,1,0,0,0,0,11,67,0,0,6,14,0,0,0,2
45,2020-03-10,12,0,0,20,103,0,958,1.25,0,4,0,0,0,0,0,0,1,4,0,0,0,0,0,0,1,2,0,0,0,0,10,77,0,0,0,14,0,0,0,2
46,2020-03-11,20,3,1,9,122,0,852,2.35,3,7,0,0,0,0,1,1,2,6,1,1,0,0,0,0,0,2,0,0,0,0,9,85,0,0,4,18,0,0,0,2
47,2020-03-12,9,1,6,39,125,0,1327,0.68,1,8,0,0,0,0,0,1,2,8,0,1,0,0,0,0,0,2,1,1,0,0,3,84,0,0,2,18,0,0,0,2
48,2020-03-13,39,1,0,41,164,0,2107,1.85,4,12,2,2,3,3,0,1,1,9,1,2,2,2,1,1,5,7,14,15,0,0,1,85,0,0,3,21,2,2,0,2
49,2020-03-14,41,1,4,190,201,0,2498,1.64,2,14,0,2,0,3,5,6,8,17,0,2,0,2,1,2,0,7,11,26,6,6,6,88,0,0,2,23,0,2,0,1
50,2020-03-15,190,2,5,125,386,0,1942,9.78,23,37,16,18,3,6,7,13,11,28,7,9,10,12,4,6,6,13,23,49,14,20,18,102,0,0,45,67,2,4,1,2
51,2020-03-16,125,6,0,120,511,0,2468,5.06,7,44,6,24,12,18,1,14,13,41,10,19,6,18,3,9,5,18,8,57,0,20,24,126,4,4,23,90,0,4,3,5
52,2020-03-17,120,3,7,117,624,0,2927,4.1,25,69,2,26,6,24,3,17,3,44,2,21,6,24,0,9,9,27,25,82,8,28,20,139,3,7,8,98,0,4,0,5
53,2020-03-18,117,8,11,110,730,0,3411,3.43,13,82,6,32,6,30,1,18,2,45,11,32,7,31,0,9,4,31,21,103,20,48,15,149,3,10,6,99,1,5,1,6
54,2020-03-19,110,5,15,130,825,0,3304,3.33,13,95,4,36,13,43,2,20,11,56,0,32,5,36,1,10,0,31,9,112,2,50,41,178,2,12,7,103,0,5,0,6
55,2020-03-20,130,6,12,153,943,0,3635,3.58,13,107,1,37,8,51,3,23,9,65,4,36,10,46,0,10,5,36,7,119,7,57,38,208,7,19,18,118,0,5,0,6
56,2020-03-21,153,11,27,123,1069,0,3955,3.87,16,123,6,43,10,61,0,23,6,71,0,36,10,56,0,10,13,49,18,137,10,67,27,221,7,26,28,133,0,5,2,8
57,2020-03-22,123,21,25,212,1167,0,3398,3.62,16,139,5,46,2,63,1,24,6,76,3,37,11,67,0,10,8,57,22,159,8,75,16,224,5,31,18,145,0,5,2,9
58,2020-03-23,212,29,20,106,1359,0,3824,5.54,14,153,7,53,8,71,2,26,16,92,16,52,15,82,0,10,8,65,11,170,2,77,46,256,6,37,59,199,0,5,2,11
59,2020-03-24,106,19,24,172,1441,0,3381,3.14,4,157,5,58,7,78,6,32,14,106,1,53,17,98,0,10,2,67,1,171,5,82,27,266,0,37,15,209,0,5,2,12
60,2020-03-25,172,35,16,235,1597,0,3899,4.41,34,191,6,64,6,84,2,34,14,120,8,60,30,128,1,11,1,68,0,171,2,84,53,313,0,37,14,216,0,5,1,11
61,2020-03-26,235,27,16,130,1816,0,3875,6.06,44,228,3,67,11,95,0,34,9,129,2,61,22,150,0,11,4,72,2,173,10,94,77,385,1,38,48,261,0,5,2,13
62,2020-03-27,130,19,44,159,1902,0,6540,1.99,20,246,1,67,4,99,0,34,6,125,5,66,7,157,0,11,6,78,10,183,15,109,36,397,2,40,16,270,0,5,2,15
63,2020-03-28,159,22,61,150,2000,0,5302,3.0,26,259,1,62,10,109,9,43,15,135,14,78,6,162,0,11,6,84,15,195,8,115,34,414,4,44,6,264,5,10,0,15
64,2020-03-29,150,17,68,156,2082,0,4736,3.17,24,282,1,59,15,124,2,45,9,135,12,90,11,173,0,9,1,85,0,195,11,121,33,413,2,46,27,278,0,10,2,17
65,2020-03-30,156,16,90,140,2148,0,5444,2.87,22,296,2,61,4,127,7,52,10,136,3,81,8,180,1,10,1,86,4,191,6,126,59,438,0,46,26,289,0,9,3,20
66,2020-03-31,140,17,58,142,2230,0,7049,1.99,16,308,0,55,4,131,1,53,9,132,4,85,5,185,1,5,6,92,5,196,21,147,33,448,0,46,33,316,0,9,2,22
67,2020-04-01,142,15,108,208,2264,0,7044,2.02,20,318,2,57,3,134,7,60,8,134,10,94,5,177,0,5,2,94,3,198,32,179,22,424,3,49,25,310,0,9,0,22
68,2020-04-02,208,36,122,217,2350,0,6556,3.17,27,314,1,55,3,128,7,67,17,148,3,97,6,163,0,5,2,96,1,199,23,195,70,459,2,51,39,336,0,9,7,28
69,2020-04-03,217,21,60,150,2507,0,8218,2.64,22,336,1,56,0,121,2,69,4,152,13,108,5,165,0,5,0,96,5,204,28,223,63,486,18,69,55,380,0,9,1,28
70,2020-04-04,150,17,88,179,2569,0,8941,1.68,6,342,0,46,2,84,2,71,9,157,24,132,2,162,0,5,1,97,10,212,7,227,29,499,6,75,50,423,1,10,1,27
71,2020-04-05,179,21,90,131,2658,0,8401,2.13,16,309,1,47,2,85,14,85,12,153,7,139,6,144,1,6,2,99,13,225,15,242,50,549,10,85,29,452,0,10,1,28
72,2020-04-06,131,19,236,170,2553,0,5685,2.3,30,317,3,43,1,86,10,95,8,160,3,142,6,130,0,6,0,99,2,192,12,245,27,469,6,91,18,438,1,11,4,29
73,2020-04-07,170,19,80,156,2643,0,9597,1.77,10,325,5,48,5,91,4,99,22,182,5,147,14,144,4,10,1,100,1,182,15,253,50,477,0,91,31,451,1,12,2,31
74,2020-04-08,156,20,166,109,2633,0,8711,1.79,18,330,1,35,0,65,13,112,9,176,3,149,4,106,0,10,6,106,7,189,18,265,58,516,3,94,14,435,0,12,2,33
75,2020-04-09,109,20,121,118,2621,0,8025,1.36,7,315,2,37,0,65,3,115,11,133,14,163,4,104,0,10,0,106,0,162,6,262,39,555,6,100,15,447,0,12,2,35
76,2020-04-10,118,20,222,184,2517,0,10153,1.16,19,332,0,37,1,66,14,127,11,132,4,166,1,90,0,10,1,107,2,154,15,276,31,498,3,85,14,394,0,12,2,31
77,2020-04-11,184,10,165,153,2536,0,9435,1.95,21,310,0,37,2,68,8,113,17,149,27,185,1,78,0,10,5,112,10,157,7,278,35,504,1,86,46,416,2,5,2,28
78,2020-04-12,153,14,113,134,2576,0,7209,2.12,14,284,0,31,1,69,3,113,9,137,11,189,1,79,0,10,2,114,6,163,8,286,53,529,0,86,44,453,0,5,1,28
79,2020-04-13,134,8,168,170,2542,0,5874,2.28,20,288,0,31,2,71,0,109,42,179,0,121,3,76,0,10,0,114,14,177,6,291,13,499,4,87,28,454,0,5,2,30
80,2020-04-14,170,12,202,85,2510,0,7748,2.19,8,262,0,29,0,30,3,109,2,169,11,132,3,70,0,10,3,117,5,166,15,304,52,521,0,86,68,473,0,5,0,27
81,2020-04-15,85,4,169,110,2426,0,9797,0.87,14,255,1,30,0,21,0,109,1,134,17,144,0,56,0,10,0,117,0,161,8,312,18,503,0,86,26,460,0,4,0,24
82,2020-04-16,110,3,119,69,2417,0,9395,1.17,13,267,0,24,1,22,0,98,26,152,8,136,1,47,0,10,0,117,3,143,16,323,13,490,2,85,26,475,0,4,1,24
83,2020-04-17,69,6,201,54,2285,0,9300,0.74,9,276,0,23,0,22,1,98,13,155,1,120,1,42,0,10,0,17,5,148,10,333,10,453,0,84,18,476,1,5,0,23
84,2020-04-18,54,6,135,84,2204,0,9648,0.56,16,292,0,23,0,14,0,95,3,148,2,111,0,36,0,10,0,15,10,136,6,337,2,427,1,73,14,461,0,4,0,22
85,2020-04-19,84,48,95,36,2193,0,9111,0.92,3,294,0,18,0,14,37,132,0,143,5,109,0,36,0,10,0,14,3,139,5,332,10,402,0,73,12,443,0,4,9,30
86,2020-04-20,36,13,98,57,2131,0,9300,0.39,2,295,0,16,0,14,2,123,3,141,2,97,0,30,0,10,0,13,2,119,6,337,2,386,0,66,4,438,0,3,13,43
87,2020-04-21,57,18,54,50,2134,0,10003,0.57,1,294,0,16,0,14,1,114,1,142,8,99,0,29,0,10,0,13,0,118,22,356,11,385,0,63,13,435,0,3,0,43
88,2020-04-22,50,5,103,71,2081,0,12184,0.41,3,297,1,16,0,14,1,113,2,112,6,102,0,29,0,10,0,13,0,106,19,371,1,366,0,60,16,426,0,3,1,43
89,2020-04-23,71,20,90,88,2062,0,12733,0.56,3,300,0,16,0,14,0,102,20,130,1,103,0,28,0,10,0,11,1,105,4,347,12,365,1,60,29,425,0,3,0,43
90,2020-04-24,88,15,121,51,2029,0,15587,0.56,4,304,0,12,0,14,3,104,2,120,1,98,0,26,0,10,0,7,2,104,9,312,18,364,0,57,49,456,0,3,0,38
91,2020-04-25,51,4,99,38,1981,0,13959,0.37,0,304,0,12,0,14,0,87,0,119,1,93,0,22,0,10,0,7,0,104,10,322,1,352,0,57,39,444,0,2,0,32
92,2020-04-26,38,5,100,40,1919,0,9442,0.4,4,307,0,12,0,12,1,80,1,114,0,89,0,22,0,10,2,9,0,100,7,299,6,333,0,46,16,452,0,2,1,32
93,2020-04-27,40,5,95,31,1864,0,12329,0.32,0,306,0,12,0,12,0,80,1,90,0,72,1,20,0,10,0,8,1,94,3,286,4,330,0,45,30,465,0,2,0,32
94,2020-04-28,31,10,75,94,1820,0,12571,0.25,1,306,0,11,0,12,0,78,1,90,0,72,0,15,0,10,0,8,1,95,8,282,5,318,0,41,14,447,0,2,1,33
95,2020-04-29,94,72,55,57,1859,0,14472,0.65,0,305,0,11,0,12,0,78,72,150,5,77,0,15,0,10,0,5,2,93,6,288,1,303,0,36,8,441,0,2,0,33
96,2020-04-30,57,26,84,69,1832,0,12042,0.47,3,300,0,11,0,12,5,81,5,150,1,78,0,15,0,10,0,4,0,76,5,279,27,309,0,34,10,438,0,2,1,33
97,2020-05-01,69,12,39,105,1862,0,14009,0.49,3,287,0,10,0,12,0,81,0,149,3,81,0,13,0,10,0,4,0,57,3,282,24,333,0,34,32,470,0,2,4,37
98,2020-05-02,105,11,116,122,1851,0,11153,0.94,1,277,0,10,0,12,2,83,8,139,8,88,0,13,0,10,0,4,0,57,9,235,63,387,0,29,14,473,0,0,0,34
99,2020-05-03,122,52,87,55,1886,0,12537,0.97,0,262,0,10,0,12,3,69,71,207,0,88,0,13,0,10,0,4,1,58,5,229,11,392,0,28,30,469,0,0,1,35
100,2020-05-04,55,7,71,30,1870,0,9831,0.56,0,253,0,9,0,12,3,72,6,209,0,88,0,13,0,10,0,2,0,54,0,209,21,405,0,28,25,471,0,0,0,35
101,2020-05-05,30,1,83,45,1817,0,10935,0.27,0,248,0,9,0,12,0,66,0,204,0,85,0,13,0,10,1,3,0,53,2,202,4,389,0,24,23,467,0,0,0,32
102,2020-05-06,45,1,135,39,1727,35,12860,0.35,0,248,0,9,0,9,1,51,2,193,0,85,0,13,0,10,0,3,0,49,11,193,9,382,0,24,22,435,0,0,0,23
103,2020-05-07,39,1,74,68,1692,12,13722,0.28,0,227,0,8,0,9,1,52,0,192,0,85,0,13,0,2,0,3,1,45,1,192,16,387,0,23,20,431,0,0,0,23
104,2020-05-08,68,4,88,54,1672,23,11700,0.58,0,214,0,8,0,9,0,52,53,245,1,84,0,13,0,2,0,3,0,43,1,187,6,382,0,20,6,387,0,0,1,23
105,2020-05-09,54,1,65,67,1661,0,10417,0.52,0,207,0,8,0,9,1,53,28,273,0,84,0,13,0,2,0,3,0,37,4,179,10,376,0,14,10,382,0,0,1,21
106,2020-05-10,67,0,96,70,1632,27,10115,0.66,0,202,0,8,0,9,0,51,45,313,2,82,2,15,0,2,0,3,0,37,1,171,8,333,0,14,9,373,0,0,0,19
107,2020-05-11,70,13,88,16,1614,23,9784,0.71,0,193,0,7,0,9,1,51,16,328,4,86,0,15,0,2,0,3,10,40,0,162,3,312,0,12,35,379,0,0,1,15
108,2020-05-12,16,3,110,37,1520,20,10483,0.15,0,185,0,7,0,9,0,50,0,298,0,85,0,15,0,2,0,3,1,40,0,156,3,286,0,10,12,363,0,0,0,11
109,2020-05-13,37,4,58,40,1499,58,10372,0.35,0,182,0,7,0,9,2,52,22,317,3,69,0,15,0,2,0,3,2,42,1,142,2,280,0,10,5,358,0,0,0,11
110,2020-05-14,40,0,70,36,1469,13,12010,0.33,1,180,0,7,0,9,1,48,11,325,8,77,0,15,0,2,0,3,0,42,0,134,1,270,0,8,18,339,0,0,0,10
111,2020-05-15,36,1,88,17,1417,48,11552,0.31,0,173,0,7,0,9,1,48,1,295,5,82,0,15,0,2,0,3,0,40,0,128,14,272,0,7,15,326,0,0,0,10
112,2020-05-16,17,6,73,22,1361,32,11376,0.15,0,166,0,7,0,9,0,46,0,273,7,85,0,15,0,2,0,3,1,41,0,106,1,270,0,7,7,320,0,0,1,11
113,2020-05-17,22,5,59,47,1324,122,8823,0.25,0,157,0,7,0,9,0,38,0,263,1,86,0,15,0,2,0,3,0,40,0,102,8,263,0,6,13,323,0,0,0,10
114,2020-05-18,47,21,44,37,1327,139,11608,0.4,0,145,0,7,0,9,0,35,0,262,0,80,0,11,0,2,0,3,0,39,0,97,8,269,0,4,38,354,0,0,1,10
115,2020-05-19,37,2,31,31,1333,404,10587,0.34,1,143,0,7,0,9,0,35,0,262,2,81,0,11,0,2,0,3,6,45,0,96,6,268,0,3,22,358,0,0,0,10
116,2020-05-20,31,10,60,50,1304,487,12012,0.25,0,143,1,8,1,9,0,28,0,238,0,76,0,11,0,2,0,3,1,46,0,95,15,277,1,4,10,353,0,0,2,11
117,2020-05-21,50,3,90,78,1264,514,10905,0.44,0,133,0,8,0,9,0,28,2,207,1,73,0,10,0,2,0,3,0,45,0,79,8,273,0,4,39,379,0,0,0,11
118,2020-05-22,78,26,63,48,1279,428,10864,0.69,0,133,0,8,0,9,1,29,13,187,2,75,0,10,0,2,0,3,2,46,1,76,20,282,0,4,39,404,0,0,0,11
119,2020-05-23,48,4,53,60,1274,401,9694,0.48,1,118,0,7,0,9,0,27,1,180,3,69,0,10,0,2,0,3,1,47,0,72,37,317,0,3,5,399,0,0,0,11
120,2020-05-24,60,7,33,172,1301,444,7144,0.79,1,119,0,7,0,9,0,25,0,161,0,64,0,10,0,2,0,3,2,49,0,69,46,362,0,3,11,408,0,0,0,10
121,2020-05-25,172,5,34,187,1439,133,7609,2.22,0,115,0,7,0,9,0,25,0,146,0,64,0,10,0,2,0,3,0,49,4,71,53,414,0,3,115,511,0,0,0,10
122,2020-05-26,187,10,62,15,1564,286,7029,2.56,0,108,0,5,0,9,0,23,1,116,0,57,0,9,0,2,0,3,0,48,0,71,9,418,0,2,177,683,0,0,0,10
123,2020-05-27,15,6,42,10,1537,652,7569,0.18,0,76,0,5,0,9,0,23,0,113,0,57,0,9,0,2,0,3,1,49,3,73,5,421,0,1,6,686,0,0,0,10
124,2020-05-28,10,0,86,103,1461,612,10261,0.09,0,61,0,5,0,9,0,20,0,91,1,56,0,9,0,2,0,3,0,41,0,65,2,416,0,1,7,672,0,0,0,10
125,2020-05-29,103,7,66,30,1498,1046,12048,0.79,3,59,0,5,0,9,0,16,59,141,1,51,0,9,0,2,0,3,2,40,0,53,28,441,0,1,10,658,0,0,0,10
126,2020-05-30,30,3,95,57,1433,353,8962,0.32,1,57,0,5,0,9,2,18,4,144,0,48,1,10,0,2,0,3,0,33,0,51,5,384,0,1,13,655,0,0,4,13
127,2020-05-31,57,10,23,38,1467,243,8388,0.66,0,56,0,5,0,9,1,18,2,144,15,63,0,10,0,2,0,3,0,30,0,43,31,413,0,1,8,657,0,0,0,13
128,2020-06-01,38,26,51,20,1454,592,7551,0.47,0,54,0,5,0,9,13,31,2,140,0,63,0,10,0,2,0,3,1,28,0,43,11,399,0,1,11,653,0,0,0,13
129,2020-06-02,20,15,66,93,1408,559,11619,0.16,1,52,0,4,0,9,1,32,6,142,0,63,0,10,0,2,0,3,1,29,0,42,6,383,0,1,5,624,0,0,0,12
130,2020-06-03,93,0,61,277,1440,745,11420,0.76,0,51,0,4,0,8,0,32,36,173,0,61,0,10,0,2,0,3,0,29,0,40,2,377,0,1,55,637,0,0,0,12
131,2020-06-04,277,2,28,19,1689,746,10684,2.42,0,50,0,4,0,8,0,32,3,173,1,62,0,10,0,2,0,3,0,27,0,36,2,373,0,1,271,896,0,0,0,12
132,2020-06-05,19,7,51,37,1657,919,12567,0.14,0,50,0,4,0,8,1,33,0,172,1,63,0,10,0,2,0,3,3,29,1,37,9,354,0,1,4,879,0,0,0,12
133,2020-06-06,37,8,25,19,1669,626,10140,0.34,0,50,0,4,0,8,0,33,5,163,0,63,0,10,0,2,0,3,0,28,2,38,14,366,0,1,15,887,1,1,0,12
134,2020-06-07,19,6,39,7,1649,428,7051,0.25,0,50,0,4,0,8,0,33,1,164,0,55,0,10,0,2,0,3,2,30,0,37,12,352,0,1,4,887,0,1,0,12
135,2020-06-08,7,2,20,7,1636,438,6273,0.1,0,49,0,4,0,8,1,34,0,160,0,55,0,10,0,2,0,3,2,32,0,37,3,348,0,1,1,880,0,1,0,12
136,2020-06-09,7,6,281,2,1362,1096,5658,0.1,0,47,0,4,0,8,0,34,0,157,0,55,0,10,0,2,0,3,0,32,0,37,3,347,0,1,4,612,0,1,0,12
137,2020-06-10,2,1,39,31,1325,779,6634,0.03,1,46,0,4,0,8,0,34,0,156,0,54,0,10,0,2,0,3,0,31,1,37,0,330,0,1,0,596,0,1,0,12
138,2020-06-11,31,11,51,33,1305,2094,9486,0.27,0,46,0,4,0,8,11,45,16,143,0,54,0,10,0,2,0,3,0,29,0,32,3,327,0,1,1,588,0,1,0,12
139,2020-06-12,33,16,103,43,1235,1270,5851,0.46,1,46,0,4,0,8,4,49,4,111,0,51,0,10,0,2,0,3,1,29,0,32,13,285,0,1,10,591,0,1,0,12
140,2020-06-13,43,5,143,8,1135,1269,5468,0.64,2,48,0,4,0,8,2,50,26,136,2,50,1,10,0,2,0,3,2,31,0,30,7,250,0,1,1,499,0,1,0,12
141,2020-06-14,8,2,35,41,1108,1211,4618,0.14,0,48,0,4,0,8,1,49,0,136,0,50,0,10,0,2,0,3,0,31,1,31,2,226,0,1,4,498,0,1,0,10
142,2020-06-15,41,3,54,11,1095,1170,2912,1.0,3,51,0,4,0,8,2,51,32,149,0,36,0,10,0,2,0,3,1,28,0,30,2,220,0,1,1,491,0,1,0,10
143,2020-06-16,11,1,333,10,773,1579,4819,0.17,1,51,0,4,0,8,0,40,4,135,0,31,0,10,0,2,0,3,0,27,3,33,1,220,0,1,2,198,0,1,0,9
144,2020-06-17,10,0,140,14,643,2183,4167,0.16,0,51,0,4,0,8,0,40,1,136,0,21,0,10,0,2,0,3,2,29,1,34,5,122,0,1,1,174,0,1,0,7
145,2020-06-18,14,3,127,6,530,1705,4262,0.23,2,31,0,3,0,3,0,38,0,136,0,10,1,8,0,2,0,1,1,27,4,31,2,109,0,1,4,124,0,1,0,5
146,2020-06-19,6,2,70,21,466,1497,4824,0.09,0,31,0,3,0,3,0,37,1,113,0,10,0,8,0,2,0,1,0,16,1,32,3,96,0,1,1,108,0,1,0,4
147,2020-06-20,21,2,76,16,411,1272,4390,0.37,0,30,0,3,0,3,0,26,1,110,0,9,0,8,0,2,0,1,1,17,0,31,12,92,0,1,7,75,0,1,0,2
148,2020-06-21,16,3,10,15,417,1053,4196,0.3,1,31,0,3,0,3,1,27,6,112,0,9,0,8,0,2,0,1,1,15,3,34,4,94,0,1,0,75,0,0,0,2
149,2020-06-22,15,2,21,3,411,1573,4718,0.24,1,28,0,3,0,3,0,27,12,120,0,9,0,8,0,2,0,1,0,14,0,34,2,90,0,1,0,69,0,0,0,2
150,2020-06-23,3,0,9,6,405,1928,5026,0.04,0,28,0,3,0,3,0,26,1,120,0,9,0,8,0,2,0,1,2,16,0,34,0,87,0,1,0,65,0,0,0,2
151,2020-06-24,6,2,45,4,366,1820,5631,0.08,0,27,0,3,0,3,0,23,0,99,0,9,0,8,0,2,0,1,0,16,1,35,5,87,0,1,0,51,0,0,0,1
152,2020-06-25,4,3,40,6,330,1379,5964,0.05,1,28,0,3,1,4,0,19,0,81,0,7,0,7,0,2,0,1,0,16,0,33,2,85,0,1,0,42,0,0,0,1
153,2020-06-26,6,5,23,10,313,1584,5758,0.08,2,30,1,4,0,4,0,16,0,67,0,7,0,7,0,2,0,1,0,15,0,33,2,82,0,1,1,43,0,0,0,1
154,2020-06-27,10,4,14,18,309,1169,4738,0.17,0,29,0,4,0,4,0,15,1,63,0,7,0,7,0,2,0,1,2,17,0,33,3,79,0,1,4,46,0,0,0,1
155,2020-06-28,18,4,10,3,317,1377,2966,0.41,0,28,0,4,0,4,0,14,9,66,0,7,0,7,0,2,0,1,2,18,1,34,5,84,0,1,1,46,0,0,0,1
156,2020-06-29,3,1,16,2,304,1951,3492,0.06,0,27,0,4,0,4,0,11,0,58,0,7,0,6,0,2,0,1,1,19,0,34,2,85,0,1,0,44,0,0,0,1
157,2020-06-30,2,1,20,1,286,1451,6553,0.02,0,27,0,4,0,4,0,10,0,52,0,7,0,6,0,2,0,1,1,18,0,33,1,82,0,1,0,38,0,0,0,1
158,2020-07-01,1,1,21,3,266,2413,4650,0.01,0,27,0,3,0,3,0,9,0,52,0,7,0,6,0,2,0,1,0,16,0,27,1,73,0,1,0,38,0,0,0,1
159,2020-07-02,3,1,62,5,207,2454,5456,0.04,1,23,0,3,0,3,0,9,0,39,0,7,0,6,0,2,0,1,1,17,0,27,0,48,0,1,1,20,0,0,0,1
160,2020-07-03,5,3,9,10,203,2187,4760,0.07,0,23,0,2,0,3,0,6,0,38,0,7,0,6,0,2,0,1,2,19,0,26,3,49,0,1,0,19,0,0,0,1
161,2020-07-04,10,7,15,5,198,1518,4941,0.15,0,23,0,2,0,3,0,6,1,26,0,7,0,6,0,2,0,1,1,20,0,26,7,54,0,1,1,20,0,0,0,1
162,2020-07-05,5,3,4,5,199,2048,2599,0.11,0,23,0,1,0,3,0,6,1,25,0,7,0,6,0,2,0,1,2,22,0,25,2,56,0,1,0,20,0,0,0,1
163,2020-07-06,5,3,11,6,193,2029,3688,0.09,1,23,0,1,0,3,0,5,0,23,0,7,0,6,0,2,0,1,0,19,1,23,2,57,0,1,1,21,0,0,0,1
164,2020-07-07,6,4,5,3,194,1548,4541,0.1,1,24,0,1,0,3,0,5,0,23,0,7,0,6,0,2,0,1,0,17,0,21,3,59,0,1,2,23,0,0,0,1
165,2020-07-08,3,3,5,6,192,2269,4500,0.04,0,22,0,1,0,3,0,5,0,23,0,7,0,6,0,2,0,1,0,16,1,22,1,59,0,1,1,23,0,0,0,1
166,2020-07-09,6,6,13,13,185,1819,4241,0.1,2,24,0,1,0,3,0,5,0,21,0,7,0,6,0,2,0,1,0,15,0,22,4,53,0,1,0,23,0,0,0,1
167,2020-07-10,13,8,12,8,186,1677,4085,0.23,1,25,1,2,0,3,0,5,0,11,0,7,0,6,0,2,0,1,0,15,2,23,6,58,0,1,3,26,0,0,0,1
168,2020-07-11,8,4,4,14,190,1381,3293,0.17,2,27,0,2,0,3,0,5,0,11,0,7,0,6,0,2,0,1,1,13,2,25,3,60,0,1,0,26,0,0,0,1
169,2020-07-12,14,3,4,7,200,1718,2415,0.34,0,26,0,2,0,3,1,6,0,11,0,7,0,6,0,2,0,1,1,13,2,27,9,67,0,1,0,26,0,0,1,2
170,2020-07-13,7,6,1,4,206,1916,2974,0.14,0,25,1,3,0,3,1,7,0,11,0,7,0,6,0,2,0,1,0,13,1,28,4,71,0,1,0,26,0,0,0,2
171,2020-07-14,4,4,4,5,206,1793,4262,0.07,2,27,0,3,0,3,0,7,0,11,0,7,0,6,0,2,0,1,0,12,0,26,1,71,0,1,1,27,0,0,0,2
172,2020-07-15,5,1,2,3,209,2064,4796,0.07,0,27,0,3,0,3,0,7,0,11,0,7,0,6,0,2,0,1,0,11,3,29,1,71,0,1,1,28,0,0,0,2
173,2020-07-16,3,1,12,18,200,2207,3502,0.05,0,27,0,3,0,3,0,7,0,11,0,7,0,6,0,2,0,1,0,10,1,30,0,62,1,2,1,27,0,0,0,2
174,2020-07-17,18,10,3,9,215,1651,2290,0.46,0,25,0,3,0,3,0,7,0,10,0,7,0,6,0,2,0,1,1,11,10,40,4,66,2,4,1,28,0,0,0,2
175,2020-07-18,9,4,5,15,219,1206,2056,0.28,0,23,0,3,1,4,0,7,0,10,0,7,0,6,0,2,0,1,0,11,7,47,1,65,0,4,0,27,0,0,0,2
176,2020-07-19,15,4,7,21,227,1875,2179,0.37,1,24,0,3,0,4,0,7,0,10,0,7,2,8,0,2,0,1,1,12,6,53,4,62,0,4,1,28,0,0,0,2
177,2020-07-20,21,6,2,15,246,1770,1584,0.63,14,38,1,4,0,4,0,7,1,11,0,7,0,8,0,2,0,1,0,12,1,54,4,64,0,4,0,28,0,0,0,2
178,2020-07-21,15,4,7,16,254,1667,2613,0.35,0,38,0,4,0,4,0,7,0,11,0,7,0,8,0,2,0,1,1,13,11,63,2,63,0,4,1,27,0,0,0,2
179,2020-07-22,16,8,4,9,266,2038,2575,0.35,1,38,0,4,0,4,0,7,0,11,0,7,1,9,0,2,0,1,0,12,9,72,3,66,0,4,2,27,0,0,0,2
180,2020-07-23,9,3,8,21,267,2527,2300,0.19,1,39,0,4,1,5,0,7,0,11,1,8,0,9,0,2,0,1,1,13,4,76,0,58,0,4,1,28,0,0,0,2
181,2020-07-24,21,5,3,23,285,1880,3004,0.43,2,41,0,3,0,5,0,7,0,10,3,11,1,10,0,2,0,1,0,13,9,85,3,60,0,4,3,31,0,0,0,2
182,2020-07-25,23,6,17,13,291,669,2579,0.71,10,51,0,3,0,5,0,6,0,10,0,11,0,10,0,2,0,1,0,12,8,88,3,56,0,4,1,30,1,1,0,1
183,2020-07-26,13,3,6,7,298,998,3833,0.27,7,58,0,3,1,6,0,6,0,10,1,12,0,10,0,2,0,1,1,13,1,87,0,54,0,4,2,30,0,1,0,1
184,2020-07-27,7,4,1,39,304,1584,4674,0.11,0,58,0,3,0,6,0,6,0,10,0,12,0,10,0,2,0,1,4,16,0,87,1,55,0,4,2,32,0,1,0,1
185,2020-07-28,39,11,6,13,337,1532,3067,0.85,0,58,6,9,0,4,0,6,0,10,0,12,0,10,0,2,0,1,3,18,25,110,0,54,0,4,4,36,1,2,0,1
186,2020-07-29,13,8,5,8,345,1900,5007,0.19,1,59,0,9,0,4,0,6,0,10,0,12,0,10,1,3,0,1,1,19,2,111,2,53,0,3,6,42,0,2,0,1
187,2020-07-30,8,3,5,12,348,1217,5755,0.11,1,60,1,10,0,4,0,6,0,10,0,12,0,10,0,3,0,1,4,23,0,110,1,51,0,3,1,42,0,2,0,1
188,2020-07-31,12,5,27,9,333,641,3867,0.27,3,61,2,12,0,3,0,5,1,11,0,12,0,10,0,3,0,1,1,24,1,97,1,46,0,1,3,44,0,2,0,1
189,2020-08-01,9,7,3,14,339,614,3857,0.2,0,61,1,13,0,3,0,5,0,11,0,12,2,12,0,3,0,1,0,24,0,94,6,52,0,1,0,44,0,2,0,1
190,2020-08-02,14,1,17,2,336,841,3104,0.35,0,61,11,24,0,3,0,5,0,11,0,12,0,10,0,3,0,1,2,25,0,85,1,51,0,1,0,41,0,2,0,1
191,2020-08-03,2,0,4,1,334,2469,5178,0.03,0,61,1,25,0,3,0,5,0,11,0,12,0,10,0,3,0,1,0,24,0,82,0,51,0,1,0,41,1,3,0,1
192,2020-08-04,1,0,16,21,319,2327,4240,0.02,0,58,0,25,0,3,0,5,0,10,0,12,0,10,1,4,0,1,0,24,0,74,0,47,0,1,0,41,0,3,0,1
193,2020-08-05,21,15,18,15,322,2774,5264,0.26,1,58,3,28,0,3,0,5,0,9,0,12,0,10,0,4,0,1,2,24,0,62,0,46,0,1,15,55,0,3,0,1
194,2020-08-06,15,5,11,25,326,2143,5867,0.19,0,56,6,34,0,3,0,5,2,11,0,12,0,9,0,4,0,1,4,26,0,58,0,45,0,1,2,56,1,4,0,1
195,2020-08-07,25,9,15,7,336,2152,5670,0.32,1,53,1,35,0,3,0,5,0,11,0,12,2,10,10,14,1,2,4,27,1,54,2,47,0,1,3,58,0,3,0,1
196,2020-08-08,7,6,47,13,296,1348,5083,0.11,0,34,0,35,0,3,0,5,1,12,0,12,0,10,0,14,0,2,0,26,1,36,1,46,0,1,3,55,1,4,0,1
197,2020-08-09,13,9,9,11,300,1418,4982,0.2,0,32,0,35,0,3,0,5,0,12,0,12,0,10,0,14,3,5,0,23,1,37,1,46,0,1,7,60,0,3,1,2
198,2020-08-10,11,5,19,9,292,2253,4459,0.16,2,34,0,35,0,3,1,6,0,11,0,12,3,13,0,14,0,5,0,23,0,25,4,49,0,1,1,56,0,3,0,2
199,2020-08-11,9,5,6,11,295,2565,4999,0.12,1,35,0,35,0,3,0,6,0,11,0,12,0,13,0,14,0,5,1,21,0,24,1,49,0,1,6,61,0,3,0,2
200,2020-08-12,11,8,8,15,298,2179,7011,0.12,2,32,2,37,0,3,0,6,0,11,0,12,0,13,0,14,0,5,4,25,0,24,0,48,0,1,3,62,0,3,0,2
201,2020-08-13,15,4,4,20,309,2751,5928,0.17,0,31,9,46,0,3,0,6,0,11,0,12,0,13,0,14,0,5,0,25,0,24,3,48,0,1,3,65,0,3,0,2
202,2020-08-14,20,7,7,26,322,2085,4556,0.3,0,29,12,58,0,3,0,6,0,11,0,12,0,10,0,14,1,6,0,25,1,25,2,48,0,1,4,69,0,3,0,2
203,2020-08-15,26,3,3,25,345,1323,3961,0.49,1,29,14,72,0,3,0,6,2,13,0,12,0,10,1,15,2,7,0,25,0,25,0,48,0,1,6,74,0,3,0,2
204,2020-08-16,25,16,28,12,342,1457,3078,0.55,0,29,5,62,0,3,0,6,0,13,0,12,0,10,0,15,1,8,1,24,0,25,5,52,0,1,13,77,0,3,0,2
205,2020-08-17,12,2,17,7,337,2267,3839,0.2,0,28,6,68,0,3,0,6,0,8,0,7,0,10,0,14,3,11,0,24,0,23,1,53,0,1,2,77,0,2,0,2
206,2020-08-18,7,4,26,16,318,2520,5256,0.09,0,27,3,66,0,3,0,5,0,8,0,7,0,9,0,14,0,10,0,23,0,21,0,46,0,1,4,74,0,2,0,2
207,2020-08-19,16,4,23,5,311,2270,5916,0.2,1,27,7,73,0,3,0,5,0,8,0,7,0,9,0,4,4,14,0,22,0,21,0,43,0,1,3,69,1,3,0,2
208,2020-08-20,5,5,7,9,309,934,4434,0.09,0,27,0,73,0,3,0,5,0,8,0,7,0,9,0,4,0,14,0,22,4,24,1,44,0,1,0,64,0,2,0,2
209,2020-08-21,9,4,13,8,305,1814,4166,0.15,0,26,3,69,0,3,0,5,0,8,0,7,0,9,0,4,0,12,0,22,1,25,2,45,0,1,3,66,0,2,0,1
210,2020-08-22,8,3,4,10,309,1001,4074,0.16,0,26,5,74,0,3,0,5,0,8,0,7,0,9,0,4,0,12,1,21,1,26,0,44,0,1,1,66,0,2,0,1
211,2020-08-23,10,8,10,7,309,1272,4305,0.18,0,25,2,76,0,3,0,5,0,8,0,7,0,6,0,4,0,12,0,21,3,29,2,42,0,1,3,67,0,2,0,1
212,2020-08-24,7,2,6,11,310,2331,4529,0.1,0,24,0,76,0,3,0,5,0,8,0,7,0,6,0,4,0,12,0,21,5,34,0,42,0,1,2,64,0,2,0,1
213,2020-08-25,11,2,6,6,315,1960,6472,0.13,0,24,7,83,0,3,0,5,0,8,0,7,0,6,1,5,0,12,0,20,0,34,3,44,0,1,0,60,0,2,0,1
214,2020-08-26,6,1,7,5,314,2013,5465,0.08,0,22,5,88,0,3,0,5,0,8,0,7,0,6,0,5,0,12,0,20,0,34,1,43,0,1,0,57,0,2,0,1
215,2020-08-27,5,2,16,10,303,2054,5833,0.06,0,22,0,82,0,3,3,8,0,8,0,7,0,6,0,4,0,12,0,20,0,34,2,41,0,1,0,52,0,2,0,1
216,2020-08-28,10,8,36,11,277,1645,5638,0.14,0,22,1,61,0,3,0,8,0,8,0,7,0,6,0,4,0,12,0,19,1,35,3,43,0,1,5,45,0,2,0,1
217,2020-08-29,11,10,8,17,280,1482,7354,0.12,0,22,0,61,0,3,0,8,0,8,0,7,0,6,0,4,0,8,0,18,1,36,2,45,0,1,8,50,0,2,0,1
218,2020-08-30,17,15,10,6,287,1253,8253,0.18,0,22,1,54,0,3,0,8,0,8,0,7,0,6,0,4,0,7,0,18,1,37,1,46,0,1,14,63,0,2,0,1
219,2020-08-31,6,4,6,14,287,1013,8008,0.07,0,21,2,56,0,3,0,8,0,8,0,7,0,6,0,4,0,7,0,18,0,37,4,50,0,1,0,58,0,2,0,1
220,2020-09-01,14,5,21,6,280,1900,6461,0.17,0,21,2,45,0,3,0,8,0,8,0,7,0,6,0,4,0,4,9,26,0,37,3,52,0,1,0,56,0,1,0,1
221,2020-09-02,6,4,4,14,282,2362,6417,0.07,0,21,0,45,0,3,0,8,0,8,1,8,0,6,0,4,0,4,0,26,0,37,1,51,0,1,4,58,0,1,0,1
222,2020-09-03,14,4,4,11,292,2012,5417,0.19,1,22,4,46,0,3,0,8,2,10,0,8,0,6,0,4,0,4,6,32,0,37,0,51,0,1,1,58,0,1,0,1
223,2020-09-04,11,7,9,6,294,1551,4663,0.18,0,22,1,47,0,3,0,8,1,11,0,8,0,6,0,4,0,4,0,31,0,32,2,53,0,1,7,62,0,1,0,1
224,2020-09-05,6,4,21,6,279,788,5132,0.1,0,22,1,41,0,3,0,8,0,11,0,8,0,6,0,4,0,3,1,25,0,32,0,49,0,1,4,64,0,1,0,1
225,2020-09-06,6,3,2,62,283,1248,4507,0.1,0,22,0,41,0,3,0,8,0,11,0,8,0,6,0,4,1,4,2,27,0,32,0,47,0,1,3,67,0,1,0,1
226,2020-09-07,62,6,9,100,336,2261,3871,1.01,0,22,4,42,0,3,0,8,0,11,0,8,0,6,0,4,1,5,51,78,0,26,2,49,0,1,4,71,0,1,0,1
227,2020-09-08,100,15,12,24,424,1990,6919,1.12,0,22,22,55,0,3,0,8,1,12,0,8,0,6,1,5,0,5,62,140,0,24,9,57,0,1,5,76,0,1,0,1
228,2020-09-09,24,6,7,45,441,2171,6099,0.29,0,22,16,69,0,3,0,8,1,13,0,8,0,6,0,5,0,5,4,144,1,25,1,58,0,1,1,72,0,1,0,1
229,2020-09-10,45,1,24,182,462,2284,8748,0.41,0,22,4,66,0,3,0,8,0,13,0,8,0,6,0,5,0,5,40,184,0,25,1,56,0,1,0,58,0,1,0,1
230,2020-09-11,182,1,14,58,630,1721,7949,1.88,0,22,14,79,0,3,0,8,0,13,0,8,0,6,0,5,0,5,167,351,0,24,1,53,0,1,0,50,0,1,0,1
231,2020-09-12,58,5,8,47,680,758,6902,0.76,0,22,5,84,0,3,0,8,0,13,0,8,0,6,0,5,0,5,49,394,0,23,2,54,0,1,2,52,0,1,0,1
232,2020-09-13,47,2,7,31,720,1388,7987,0.5,0,22,14,94,0,3,0,8,0,13,0,8,0,6,0,5,0,5,31,425,0,23,1,52,0,1,1,53,0,1,0,1
233,2020-09-14,31,3,7,23,744,2260,9365,0.27,0,22,1,91,0,3,0,8,4,17,0,8,0,6,0,4,0,5,25,450,0,23,0,50,0,1,1,54,0,1,0,1
234,2020-09-15,23,10,6,62,761,2233,9102,0.2,0,21,0,91,0,3,0,8,0,17,0,8,0,6,0,4,0,5,13,463,0,23,5,52,0,1,5,57,0,1,0,1
235,2020-09-16,62,1,26,21,797,1047,6370,0.84,0,21,1,90,0,3,0,5,0,17,0,8,0,6,0,3,1,5,60,521,0,20,0,48,0,1,0,48,0,0,0,1
236,2020-09-17,21,5,15,95,803,2495,6335,0.24,0,21,7,93,0,3,0,5,0,14,0,7,0,6,0,3,2,7,8,528,1,21,3,49,0,1,0,44,0,0,0,1
237,2020-09-18,95,4,14,20,884,2191,7045,1.03,0,21,0,93,0,3,0,5,1,15,0,7,0,6,0,3,0,7,91,606,0,21,3,52,0,1,0,43,0,0,0,1
238,2020-09-19,20,3,51,52,853,1153,7951,0.22,0,21,9,101,0,3,0,5,0,15,0,7,0,6,0,3,0,7,8,571,0,21,1,52,0,1,2,39,0,0,0,1
239,2020-09-20,52,12,40,57,865,1946,6398,0.62,0,21,3,104,0,3,0,5,0,15,0,7,0,6,0,3,1,8,36,575,0,21,4,52,0,1,6,41,2,2,0,1
240,2020-09-21,57,6,40,82,882,2933,7265,0.56,0,21,1,81,0,3,0,5,0,13,0,7,0,6,0,3,0,7,49,617,0,21,4,50,0,1,3,44,0,2,0,1
241,2020-09-22,82,10,168,147,796,2644,9578,0.67,0,21,10,85,0,3,0,5,0,13,0,7,0,6,0,3,0,7,60,515,2,23,1,51,0,1,9,53,0,2,0,1
242,2020-09-23,147,4,39,71,904,2439,7916,1.42,0,21,5,78,1,4,0,5,0,13,0,7,0,6,0,2,0,7,134,627,0,23,2,51,0,1,5,56,0,2,0,1
243,2020-09-24,71,2,64,111,911,2515,7090,0.74,1,22,4,77,0,4,0,5,0,13,0,7,0,6,0,2,0,7,63,633,0,23,3,53,0,1,0,55,0,2,0,1
244,2020-09-25,111,4,30,82,992,1952,9446,0.97,1,23,8,77,0,4,0,5,0,13,1,8,0,6,0,2,0,7,97,714,0,23,2,54,0,1,2,52,0,2,0,1
245,2020-09-26,82,3,89,150,985,1501,7086,0.95,1,24,0,72,0,4,1,6,3,12,1,9,0,6,0,2,0,7,64,700,1,24,2,56,2,3,6,56,1,3,0,1
246,2020-09-27,150,4,50,115,1085,2109,5394,2.0,2,26,0,69,0,4,1,7,0,12,4,13,0,6,0,2,0,5,124,785,2,26,11,66,0,3,6,57,0,3,0,1
247,2020-09-28,115,3,54,101,1146,3226,9749,0.89,0,26,1,69,0,4,1,8,1,13,0,13,0,6,0,2,0,5,98,838,0,25,11,70,1,4,1,58,1,4,0,1
248,2020-09-29,101,4,50,89,1197,3074,12903,0.63,2,28,1,60,1,5,1,9,0,13,0,13,1,7,1,3,1,6,73,872,3,28,15,85,0,4,2,59,0,4,0,1
249,2020-09-30,89,3,28,260,1258,3125,11154,0.62,8,36,13,70,2,7,0,9,1,14,2,15,1,8,2,5,1,7,35,882,4,32,10,95,3,7,6,65,1,5,0,1
250,2020-10-01,260,1,47,287,1471,2897,10864,1.89,5,41,98,165,0,7,1,10,0,14,1,16,0,8,2,7,1,7,118,961,0,32,13,105,2,9,14,78,0,5,5,6
251,2020-10-02,287,0,81,317,1677,2614,10808,2.14,1,42,129,288,2,9,0,10,2,16,1,17,3,11,0,7,0,7,113,1011,0,32,31,131,3,12,1,72,1,6,0,6
252,2020-10-03,317,0,121,293,1873,1901,11485,2.37,4,46,102,383,2,11,0,10,1,16,0,17,0,11,0,7,3,8,155,1058,3,35,32,162,9,21,4,74,0,6,2,8
253,2020-10-04,293,1,67,432,2099,2197,11763,2.1,8,54,113,482,1,12,0,10,2,18,0,17,2,13,0,7,1,9,126,1134,1,36,31,191,0,21,3,76,5,11,0,8
254,2020-10-05,432,3,57,691,2474,3559,12506,2.69,2,56,241,721,1,13,1,11,1,19,1,18,2,15,0,7,0,9,130,1210,1,36,34,225,5,26,7,83,4,15,2,10
255,2020-10-06,691,3,87,489,3078,3531,10687,4.86,6,62,397,1108,0,13,0,11,7,26,0,18,8,22,0,7,3,12,219,1378,3,39,39,256,1,27,6,72,1,16,1,11
256,2020-10-07,489,2,74,375,3493,3869,13910,2.75,6,68,153,1257,1,14,0,11,1,26,2,20,4,26,0,7,7,19,282,1599,3,41,20,271,4,31,4,74,0,16,2,13
257,2020-10-08,375,4,18,354,3850,3958,16862,1.8,5,73,16,1272,0,13,1,12,2,25,1,21,5,31,0,7,1,20,271,1860,8,49,36,307,5,35,12,85,10,25,2,15
258,2020-10-09,354,2,188,374,4016,3914,15502,1.82,5,78,10,1282,0,13,0,12,4,29,0,21,1,32,0,7,8,28,274,1972,10,59,24,314,5,40,10,86,1,26,2,17
259,2020-10-10,374,2,73,561,4317,2598,15777,2.04,2,73,27,1305,0,13,1,13,0,29,0,21,2,33,0,7,3,31,277,2191,9,68,44,358,0,37,6,92,2,28,1,18
260,2020-10-11,561,8,133,563,4745,2401,15611,3.11,3,75,16,1311,0,13,3,16,0,29,0,17,1,34,0,7,1,30,488,2633,0,67,26,333,3,39,15,95,5,33,0,13
261,2020-10-12,563,1,109,660,5199,4328,15381,2.86,2,73,10,1321,0,13,1,17,12,40,0,14,4,35,0,4,141,171,291,2868,1,59,69,378,0,38,28,118,2,35,2,15
262,2020-10-13,660,2,350,660,5509,4955,16966,3.01,10,77,60,1380,0,13,0,17,2,42,1,14,16,49,0,4,23,193,443,2996,0,59,76,434,0,37,10,126,19,53,0,15
263,2020-10-14,660,6,233,589,5936,4471,17863,2.96,3,74,113,1493,0,8,2,19,1,41,0,14,3,52,0,3,17,210,429,3210,3,60,68,502,0,35,12,138,8,61,1,16
264,2020-10-15,589,3,409,629,6116,3971,21419,2.32,0,67,31,1297,2,10,2,21,11,46,0,13,52,104,0,3,16,226,304,3401,4,64,150,617,0,28,10,136,6,67,1,16
265,2020-10-16,629,2,245,869,6500,3924,18624,2.79,5,72,7,1252,0,7,3,19,1,47,1,13,9,113,0,3,33,259,489,3779,0,58,50,621,0,27,10,134,19,78,2,18
266,2020-10-17,869,0,302,871,7067,3529,17864,4.06,2,74,38,1290,0,7,1,20,1,48,0,13,4,101,0,3,189,447,451,3994,4,57,159,747,3,30,15,142,0,78,2,16
267,2020-10-18,871,5,701,865,7237,3501,19232,3.83,1,73,9,889,0,7,1,21,3,49,0,13,10,111,0,3,45,492,702,4474,5,61,77,769,2,32,7,140,9,87,0,16
268,2020-10-19,865,7,455,862,7647,5962,15032,4.12,2,62,3,794,0,7,16,37,4,50,1,13,18,129,0,3,26,518,643,4891,0,59,107,786,1,28,7,132,34,120,3,18
269,2020-10-20,862,2,634,732,7875,5589,15867,4.02,1,62,17,702,1,8,0,37,6,54,0,12,9,138,0,3,8,526,673,5131,1,60,132,869,0,27,7,112,6,116,1,18
270,2020-10-21,732,8,580,847,8027,5288,13965,3.8,0,58,7,690,1,9,3,40,9,62,1,13,7,138,0,3,12,370,535,5360,0,58,116,929,0,23,26,128,9,125,6,21
271,2020-10-22,847,5,486,710,8388,6252,21297,3.07,1,50,3,626,3,12,3,43,38,100,2,15,14,142,0,3,10,350,578,5687,1,53,138,967,1,22,23,140,28,153,4,25
272,2020-10-23,710,1,467,1228,8631,5817,22618,2.5,4,50,1,553,0,12,0,36,37,136,1,15,4,146,0,3,39,365,528,5969,2,54,62,932,2,20,11,144,19,172,0,24
273,2020-10-24,1228,11,671,823,9188,4145,25316,4.17,7,57,76,628,0,12,3,39,96,229,0,14,10,95,0,2,23,319,889,6409,8,60,76,933,0,19,19,156,21,193,0,23
274,2020-10-25,823,0,579,1240,9432,4731,22383,3.04,15,72,1,549,1,13,0,38,22,249,0,14,6,86,0,2,97,327,533,6653,16,75,88,934,7,26,10,157,26,214,1,23
275,2020-10-26,1240,2,691,835,9981,6165,23330,4.2,4,73,3,551,0,13,2,37,25,270,0,14,8,91,0,2,61,368,927,7065,7,77,177,1019,3,29,17,162,6,189,0,21
276,2020-10-27,835,5,674,801,10142,5689,23806,2.83,8,77,4,419,0,13,0,35,155,424,0,14,11,102,0,2,13,302,410,7109,16,88,126,1081,4,32,11,162,76,261,1,21
277,2020-10-28,801,2,573,649,10370,7000,31807,2.06,8,84,28,331,0,13,0,31,24,448,0,13,6,85,0,2,19,303,546,7361,27,115,89,1066,11,43,14,164,29,290,0,21
278,2020-10-29,649,7,685,799,10334,3872,33718,1.73,10,92,37,300,0,13,1,23,43,476,1,14,5,90,0,2,13,303,352,7255,10,121,135,1114,1,44,23,176,17,290,1,21
279,2020-10-30,799,0,491,659,10642,4936,22414,2.92,9,97,5,305,0,11,0,21,23,474,0,12,10,78,0,2,35,326,466,7444,16,132,150,1149,0,41,19,181,65,354,1,15
280,2020-10-31,659,1,1000,957,10301,3932,18375,2.95,0,97,2,285,1,12,0,21,25,499,1,13,6,84,0,2,2,328,529,7093,9,140,55,1125,2,43,11,184,12,356,4,19
281,2020-11-01,957,0,972,834,10286,4695,18590,4.11,1,98,1,245,0,12,1,17,8,416,0,12,5,79,0,2,23,327,644,7079,11,151,225,1255,15,56,4,170,18,347,1,20
282,2020-11-02,834,3,900,1054,10220,6321,18331,3.38,9,104,3,166,2,12,0,16,16,372,1,13,2,72,0,2,21,267,503,7136,14,151,130,1245,0,56,22,180,105,402,6,26
283,2020-11-03,1054,14,875,1032,10399,6694,29447,2.92,1,92,12,168,0,10,1,14,71,436,0,13,3,68,0,2,35,192,678,7264,21,170,125,1236,1,56,22,187,81,463,3,28
284,2020-11-04,1032,3,820,1009,10611,6674,26400,3.12,2,91,25,170,2,10,0,13,44,410,0,13,6,53,0,2,23,171,646,7438,9,165,231,1376,3,59,9,186,28,425,4,29
285,2020-11-05,1009,9,839,1755,10781,6836,37208,2.29,2,85,7,171,0,10,5,16,90,445,0,13,6,51,0,2,36,178,564,7535,6,167,180,1350,0,58,17,169,95,505,1,26
286,2020-11-06,1755,3,726,1168,11810,5176,28299,5.24,4,78,19,157,0,9,2,15,45,396,0,13,18,69,0,2,192,360,1199,8511,18,157,164,1233,8,63,18,153,59,564,9,30
287,2020-11-07,1168,0,1029,852,11949,5214,18726,4.88,5,77,15,162,0,9,2,17,68,414,0,12,37,96,0,2,18,349,616,8346,25,177,247,1439,3,60,28,174,104,585,0,30
288,2020-11-08,852,13,825,972,11976,4949,16912,3.9,1,69,3,148,2,11,5,22,104,508,0,12,7,92,0,2,18,353,524,8358,2,174,148,1449,1,59,11,159,24,531,2,29
289,2020-11-09,972,5,1345,869,11603,6663,17912,3.96,10,79,8,155,2,11,5,25,260,702,0,12,51,140,0,2,34,370,370,7760,4,171,138,1375,0,59,22,166,63,546,5,30
290,2020-11-10,869,1,725,822,11747,7134,19051,3.32,8,68,3,137,9,17,0,25,141,797,0,10,12,146,0,2,27,368,397,7801,6,158,236,1459,0,46,19,172,8,509,3,32
291,2020-11-11,822,7,769,919,11800,6760,22888,2.77,10,73,17,149,1,18,6,31,225,987,0,10,14,157,2,4,26,376,259,7507,14,156,178,1552,0,36,21,187,46,530,3,27
292,2020-11-12,919,3,996,1304,11723,5966,32271,2.4,8,81,3,140,2,20,8,38,241,1189,0,10,9,162,0,4,62,331,319,7283,8,144,174,1520,0,33,49,224,35,522,1,22
293,2020-11-13,1304,4,900,1114,12127,5749,32761,3.39,3,81,5,131,5,25,13,51,83,1190,0,10,13,172,0,4,42,260,556,7392,13,154,364,1748,0,27,202,412,4,451,1,19
294,2020-11-14,1114,2,803,1208,12438,3968,27900,3.5,15,96,10,137,5,30,6,56,371,1490,0,10,53,183,0,4,34,252,391,7425,4,143,200,1761,0,23,13,400,8,405,4,23
295,2020-11-15,1208,6,1013,1103,12633,3254,19875,5.22,9,103,8,139,1,31,2,53,48,1367,0,10,21,195,1,5,42,280,381,7240,4,130,185,1810,0,21,475,859,30,369,1,21
296,2020-11-16,1103,1,821,1210,12915,6494,15493,5.02,8,105,10,149,7,38,1,52,90,1365,0,10,116,307,0,5,26,266,288,7154,1,126,151,1692,4,23,392,1234,8,368,1,21
297,2020-11-17,1210,19,1018,660,13107,6836,21364,4.29,14,112,8,157,19,53,2,53,67,1189,0,10,47,313,0,5,33,275,499,7127,1,125,271,1855,1,24,245,1462,1,324,2,23
298,2020-11-18,660,4,630,1290,13137,6973,22598,2.23,3,112,11,160,3,55,4,53,31,1111,0,10,16,307,0,5,16,260,386,7276,3,115,142,1855,0,17,31,1465,13,312,1,24
299,2020-11-19,1290,5,878,958,13549,6353,17126,5.49,15,121,7,165,17,63,1,49,32,1010,0,10,48,342,0,5,8,213,660,7515,8,107,407,2120,0,13,72,1487,15,308,0,21
300,2020-11-20,958,5,956,1041,13551,5395,17561,4.17,9,120,19,167,7,68,2,45,153,1035,0,10,24,355,0,3,25,215,512,7726,2,100,153,1951,4,16,46,1425,1,293,1,22
301,2020-11-21,1041,2,1405,1096,13187,4708,18315,4.52,33,151,6,168,7,74,0,41,121,873,0,10,29,370,0,3,17,178,346,7703,0,99,402,2097,0,14,68,1098,12,292,0,16
302,2020-11-22,1096,6,1104,1884,13179,3720,13066,6.53,9,149,16,178,8,80,5,39,29,806,0,10,55,378,1,4,15,160,311,7616,0,94,603,2501,0,14,30,837,13,296,1,17
303,2020-11-23,1884,2,883,2188,14180,6870,12415,9.77,15,161,36,197,9,86,0,31,41,737,0,10,81,444,1,5,12,153,289,7491,0,89,1203,3567,0,14,196,898,0,281,1,16
304,2020-11-24,2188,0,1673,970,14695,7187,15046,9.84,19,169,14,166,6,88,2,29,72,667,0,10,112,549,0,4,15,134,233,6892,1,80,1623,4785,0,10,90,826,1,277,0,9
305,2020-11-25,970,5,2348,935,13317,7257,15993,4.17,30,177,24,173,8,92,1,28,318,901,2,9,80,500,0,4,14,136,293,5242,2,65,115,4815,1,11,44,840,37,314,1,10
306,2020-11-26,935,4,2555,1109,11697,7447,17164,3.8,60,233,24,186,28,112,0,25,158,1014,0,9,79,538,0,4,17,124,326,3440,4,62,161,4759,1,12,59,845,13,320,5,14
307,2020-11-27,1109,10,1148,1315,11658,7511,14563,5.02,33,254,25,172,5,98,0,20,167,1130,3,12,42,560,0,4,64,169,441,3150,0,56,175,4734,0,12,154,960,0,313,0,14
308,2020-11-28,1315,5,1110,1309,11863,4066,13981,7.29,46,286,17,180,18,102,1,21,41,1046,0,12,167,673,0,4,92,243,476,3352,0,54,266,4458,0,8,191,1107,0,303,0,14
309,2020-11-29,1309,1,1333,1212,11839,5527,16422,5.96,37,310,52,226,6,105,1,18,32,1013,1,13,77,734,0,4,46,278,290,3326,0,54,238,3961,1,9,493,1445,35,330,0,13
310,2020-11-30,1212,9,2112,1472,10939,7687,12861,5.9,54,347,31,253,1,98,0,14,141,1105,2,15,43,713,0,3,60,319,326,3193,2,52,402,3043,0,8,119,1425,30,338,1,13
311,2020-12-01,1472,5,1552,851,10859,7347,16024,6.3,68,393,21,261,10,101,0,14,146,1181,0,15,13,656,0,3,29,329,267,3059,1,40,891,3058,0,8,26,1407,0,321,0,13
312,2020-12-02,851,4,658,1075,11052,8761,15962,3.44,102,475,26,266,2,92,1,13,62,1184,1,16,34,641,0,3,60,353,229,3028,0,40,249,3143,0,4,85,1469,0,313,0,12
313,2020-12-03,1075,2,948,1141,11179,10533,21196,3.39,78,549,32,281,9,90,2,15,52,1182,4,19,26,549,0,3,43,348,310,2929,1,39,459,3496,1,5,49,1352,9,311,0,11
314,2020-12-04,1141,3,1144,1123,11176,11457,19657,3.67,69,591,24,282,20,108,0,14,15,929,15,34,47,513,1,4,48,325,320,2844,1,39,320,3610,0,4,256,1569,3,300,2,10
315,2020-12-05,1123,5,1143,1335,11156,8749,16905,4.38,66,637,30,285,35,131,5,18,10,765,2,33,39,486,0,4,44,305,391,2970,1,39,221,3633,0,4,265,1549,10,285,4,12
316,2020-12-06,1335,3,1069,1600,11422,8828,18719,4.85,125,742,17,276,2,122,3,21,258,938,4,37,108,475,0,3,31,288,250,3027,0,39,337,3730,1,5,178,1413,21,295,0,11
317,2020-12-07,1600,3,1033,1012,11989,12498,17352,5.36,98,806,18,279,3,113,1,20,541,1354,1,36,54,496,0,3,55,290,248,2976,2,40,426,3773,0,4,148,1500,5,288,0,11
318,2020-12-08,1012,7,1750,959,11251,18138,27216,2.23,108,876,10,241,2,100,0,20,23,1275,33,68,29,425,0,3,18,262,271,3010,2,40,417,3200,0,4,98,1434,0,282,1,11
319,2020-12-09,959,6,1068,2234,11142,21555,28548,1.91,100,896,16,215,17,112,2,21,33,1101,119,187,33,410,0,3,29,266,203,2826,0,37,277,3289,0,4,129,1482,1,282,0,11
320,2020-12-10,2234,5,1112,1810,12264,22232,24864,4.74,100,952,14,193,3,110,5,24,67,1114,45,230,115,480,0,3,42,255,274,2832,1,38,1428,4488,3,7,136,1474,0,52,1,12
321,2020-12-11,1810,11,937,1937,13137,14398,25477,4.54,69,965,22,179,2,109,5,29,64,1077,96,326,12,452,0,3,34,253,532,3131,1,37,829,5018,2,8,132,1486,8,51,2,13
322,2020-12-12,1937,2,911,1229,14163,11953,20516,5.97,105,1021,16,177,1,108,15,41,49,1090,79,396,62,473,0,3,102,316,429,3279,1,38,823,5636,6,14,238,1502,11,57,0,12
323,2020-12-13,1229,2,1309,1371,14083,9657,23473,3.71,103,1070,13,167,0,96,7,48,29,1077,28,424,105,549,1,4,26,298,333,3367,0,38,435,5341,12,26,131,1511,6,57,0,10
324,2020-12-14,1371,1,1204,1772,14250,19386,22412,3.28,45,1095,5,153,2,75,1,45,260,1125,0,394,62,503,0,4,31,307,283,3216,0,37,532,5615,9,35,124,1562,16,73,1,11
325,2020-12-15,1772,12,1084,1295,14938,21032,25291,3.83,48,1101,20,155,3,57,5,50,67,917,8,400,110,554,0,3,34,308,260,3076,0,37,501,5945,7,42,698,2223,11,62,0,8
326,2020-12-16,1295,10,1052,1220,15181,27210,26769,2.4,105,1045,9,143,1,52,14,59,60,830,13,412,35,552,0,3,69,324,268,2886,0,35,481,6324,1,41,232,2402,3,61,4,12
327,2020-12-17,1220,6,1297,1683,15104,24396,27244,2.36,67,1010,9,145,10,49,98,157,33,805,4,405,41,548,0,3,80,346,184,2807,9,43,368,6056,2,43,297,2602,16,72,2,13
328,2020-12-18,1683,8,1214,1153,15573,25638,25638,3.28,77,1014,4,139,1,47,140,297,174,837,6,388,65,527,0,3,37,325,260,2793,1,41,692,6279,4,46,197,2741,19,81,6,15
329,2020-12-19,1153,2,998,1340,15728,17623,23278,2.82,75,977,13,138,10,37,3,294,18,797,16,398,82,576,0,3,30,330,199,2651,2,42,401,6418,0,44,281,2908,19,96,4,19
330,2020-12-20,1340,3,1067,2018,16001,12815,22596,3.78,156,1026,6,127,1,37,1,295,169,908,12,258,10,533,0,3,30,330,196,2581,3,44,441,6569,2,39,284,3120,27,111,2,20
331,2020-12-21,2018,7,1084,2062,16935,25735,16663,4.76,278,1268,3,112,6,41,9,302,58,742,12,252,21,445,0,3,18,294,247,2510,0,41,1204,7560,1,24,127,3192,29,125,5,24
332,2020-12-22,2062,4,911,1348,18086,27328,24084,4.01,167,1401,5,109,4,44,9,302,57,743,6,249,17,411,0,3,23,261,252,2368,0,37,1014,8343,0,15,504,3654,2,122,2,24
333,2020-12-23,1348,16,710,1581,18724,25682,25122,2.65,118,1490,14,109,4,48,124,414,31,726,45,289,8,327,0,3,43,271,189,2273,4,41,535,8733,1,13,226,3845,2,115,4,27
334,2020-12-24,1581,2,1085,1247,19220,21027,27979,3.23,115,1547,4,99,9,54,76,488,144,813,12,291,26,323,0,3,37,233,249,2292,2,42,491,8745,7,18,379,4122,26,120,4,30
335,2020-12-25,1247,2,1441,2335,19026,10190,24453,3.6,205,1629,0,94,4,53,14,502,89,847,11,220,55,353,0,3,25,210,225,2273,3,45,461,8535,0,16,140,4096,8,114,7,36
336,2020-12-26,2335,11,874,1196,20487,11027,21369,7.21,412,2016,16,92,54,106,5,505,33,819,19,228,26,279,1,3,58,243,248,2307,6,50,710,8962,0,13,728,4718,16,113,3,33
337,2020-12-27,1196,5,997,1594,20686,11846,21126,3.63,194,2146,27,113,31,131,23,515,39,723,9,237,30,242,0,3,37,251,186,2274,3,53,392,9005,5,17,202,4845,12,93,6,38
338,2020-12-28,1594,3,1181,1925,21099,19703,13278,4.83,191,2331,12,116,28,151,14,521,160,774,11,240,47,276,0,3,69,284,157,2183,2,55,697,9186,3,18,194,4845,0,75,9,41
339,2020-12-29,1925,10,1123,1870,21901,22034,25399,4.06,110,2227,8,117,31,181,9,332,60,751,288,520,17,254,0,3,57,315,230,2192,4,57,747,9712,2,20,360,5112,0,68,2,40
340,2020-12-30,1870,2,745,2525,23026,21802,25499,3.95,607,2744,23,135,56,230,8,332,34,713,48,551,48,282,0,3,69,360,280,2260,1,54,472,9974,2,21,219,5268,2,58,1,41
341,2020-12-31,2525,13,1481,2068,24070,22518,20029,5.93,194,2910,24,151,37,261,239,555,78,721,15,523,33,312,0,3,92,444,299,2397,2,55,1205,10308,17,37,222,5242,63,109,5,42
342,2021-01-01,2068,2,2230,2295,23908,9506,30135,5.22,112,2991,20,166,53,313,23,569,51,749,16,537,51,342,0,2,226,601,254,2419,8,61,776,10160,14,48,457,4804,3,105,4,41
343,2021-01-02,2295,9,3321,1704,22882,15956,29281,5.07,580,3541,47,209,26,326,95,615,131,721,29,503,12,327,0,2,288,847,259,2397,5,64,638,9004,16,63,156,4124,1,89,12,50
344,2021-01-03,1704,5,2726,1741,21860,13864,22741,4.66,179,3562,53,250,47,362,6,609,72,710,21,515,75,362,0,2,103,890,316,2479,10,74,673,8504,4,64,112,3315,16,96,17,66
345,2021-01-04,1741,8,1010,2027,22591,26402,19559,3.79,295,3708,45,282,50,389,34,643,56,659,12,506,34,348,1,3,55,923,303,2626,8,82,687,8861,4,66,150,3345,1,89,6,61
346,2021-01-05,2027,16,1221,2593,23397,27521,35731,3.2,428,3883,47,312,42,377,21,648,98,716,25,525,25,342,0,3,60,948,383,2808,13,89,509,9016,13,79,313,3467,37,113,13,71
347,2021-01-06,2593,4,1129,3027,24861,26677,38527,3.98,571,4420,42,330,43,393,13,513,125,755,11,529,34,343,0,3,77,972,405,3021,5,93,965,9591,19,92,265,3630,9,98,9,78
348,2021-01-07,3027,6,2145,2643,25743,30279,44907,4.03,1103,5462,30,345,66,389,11,326,63,762,25,538,59,363,0,3,111,899,493,3304,14,105,706,9642,10,87,316,3336,3,90,17,92
349,2021-01-08,2643,2,2708,2451,25678,31363,42043,3.6,298,5347,107,416,49,389,70,386,88,832,28,566,80,442,3,6,75,752,401,3407,16,121,1086,9628,34,108,282,3090,6,78,20,110
350,2021-01-09,2451,5,1401,2433,26728,23741,47076,3.46,302,5586,65,468,61,418,50,407,351,1029,36,575,42,406,8,14,273,816,409,3479,55,169,564,9819,16,115,198,3235,4,74,17,118
351,2021-01-10,2433,7,1277,2232,27884,20689,42084,3.88,321,5861,71,535,103,472,35,442,144,1115,41,607,80,450,5,19,189,794,403,3646,24,191,730,10065,29,134,231,3348,17,83,10,122
352,2021-01-11,2232,5,1006,3309,29110,28402,34697,3.54,396,6105,40,551,95,502,37,441,102,1120,46,642,51,446,3,22,112,788,374,3713,153,340,557,10541,41,167,204,3518,8,79,13,135
353,2021-01-12,3309,6,1469,2985,30950,32407,50869,3.97,442,6362,62,554,86,546,21,384,85,1128,96,702,241,628,0,21,317,990,409,3791,146,468,1007,11251,20,183,326,3711,15,69,36,162
354,2021-01-13,2985,2,994,3337,32941,28794,54179,3.6,535,6763,97,591,85,594,72,436,106,1152,143,843,61,666,1,22,105,949,450,3937,166,630,837,11977,27,202,289,3943,0,66,11,170
355,2021-01-14,3337,7,1710,3211,34568,34546,55397,3.71,460,7048,86,677,85,630,85,507,169,1266,113,947,92,726,4,26,234,1019,389,4050,180,802,1036,12488,89,271,257,3834,34,93,24,184
356,2021-01-15,3211,5,1939,4029,35840,35045,53742,3.62,535,7461,142,760,79,650,58,540,70,1240,70,990,74,740,0,26,194,1093,514,4192,60,849,889,12721,92,335,401,3960,9,97,24,186
357,2021-01-16,4029,8,2148,3339,37721,26813,51262,5.16,719,8012,195,878,141,736,44,557,214,1133,65,1039,54,711,14,35,120,1119,449,4265,69,908,1466,13543,80,395,347,4080,17,101,35,209
358,2021-01-17,3339,15,2676,3306,38384,24354,52536,4.34,362,8212,96,950,114,784,60,511,236,1201,61,1090,107,764,13,43,120,1101,393,4321,62,942,1314,13620,22,384,334,4126,22,116,23,219
359,2021-01-18,3306,7,2293,3631,39397,35485,40367,4.36,329,8291,142,1075,150,843,156,656,126,1210,84,1159,114,796,16,52,145,1143,432,4315,100,1035,1213,14018,20,378,250,4085,14,116,15,225
360,2021-01-19,3631,7,2944,4008,40084,39904,62229,3.56,368,8566,114,1106,133,888,122,714,139,1215,31,1161,135,661,3,55,124,1203,526,4472,156,1172,1199,13931,33,392,521,4221,1,106,26,221
361,2021-01-20,4008,5,2374,3170,41718,37673,57102,4.23,470,8932,142,1238,121,932,132,817,176,1276,52,1193,170,759,3,56,124,1242,406,4462,203,1344,1391,14176,81,438,513,4532,1,83,23,238
362,2021-01-21,3170,8,2490,3631,42398,38118,57329,3.32,423,8775,156,1342,135,1006,106,905,102,1283,48,1241,245,935,8,63,171,1301,401,4482,132,1473,545,13855,57,412,576,4967,32,102,33,256
363,2021-01-22,3631,6,2554,4275,43475,43636,53540,3.74,466,9209,166,1507,161,1081,82,950,197,1349,61,1271,138,983,13,58,202,1402,453,4285,229,1655,782,13611,178,531,435,5196,29,122,39,265
364,2021-01-23,4275,11,4313,3346,43437,34334,52618,4.92,425,8415,105,1497,78,1057,278,1214,108,1294,75,1337,208,1098,7,61,162,1462,498,4349,193,1599,1421,13695,131,592,548,5377,3,103,35,287
365,2021-01-24,3346,7,4427,3048,42356,26323,40714,4.99,378,6748,85,1523,77,1046,152,1311,160,1208,63,1393,46,1026,3,62,90,1459,431,4387,255,1751,950,13604,179,745,390,5660,49,130,38,303
366,2021-01-25,3048,8,3638,3585,41766,37993,32042,4.35,529,7057,74,1535,89,1069,90,1382,95,1162,46,1438,103,1045,3,60,110,1473,348,4335,120,1822,1035,12454,79,791,305,5703,0,129,22,311
367,2021-01-26,3585,2,4076,3680,41275,39505,53632,3.85,516,6840,88,1547,76,1090,92,1322,129,1156,15,1449,58,1037,2,60,104,1505,303,4235,205,2015,1295,12083,76,852,610,5670,1,123,15,291
368,2021-01-27,3680,6,1858,4094,43097,37766,49638,4.21,1069,7891,76,1582,60,1085,63,1366,112,1162,42,1471,181,1163,3,62,101,1550,295,4112,70,1880,822,12387,68,812,698,6159,1,124,19,291
369,2021-01-28,4094,8,3281,5725,43910,28998,44839,5.54,717,8214,92,1600,37,1048,73,1172,48,1086,72,1537,94,1204,9,68,99,1555,282,4083,171,1814,1577,13143,80,858,678,6138,55,137,10,253
370,2021-01-29,5725,7,3423,5728,46212,36590,39766,7.5,684,8041,125,1725,93,1088,74,1218,69,1036,67,1594,73,1208,3,64,99,1605,288,3896,179,1844,3126,15110,137,903,687,6500,5,136,16,244
371,2021-01-30,5728,5,3805,5298,48135,29084,47855,7.44,792,7661,99,1774,28,1065,42,1226,158,1078,51,1637,112,1242,0,56,101,1624,263,3752,191,1859,3285,17258,85,870,480,6652,29,147,12,234
372,2021-01-31,5298,3,4522,4214,48911,20554,31922,10.1,1020,8084,53,1799,30,1057,153,1232,42,950,74,1687,63,1237,5,59,69,1617,298,3658,135,1941,2460,17519,83,889,783,6853,24,141,6,188
373,2021-02-01,4214,9,4280,3455,48845,30741,23059,7.83,1068,8375,47,1786,57,1062,85,1300,91,978,54,1729,193,1378,0,55,119,1657,276,3576,105,1774,1362,17184,38,853,702,6822,7,143,10,173
374,2021-02-02,3455,5,3661,4284,48639,38906,45015,4.12,708,8244,59,1743,31,1064,62,1330,79,998,63,1786,84,1364,1,56,85,1682,276,3504,121,1732,1145,17326,115,930,619,6589,1,133,6,158
375,2021-02-03,4284,6,3804,4571,49119,33883,41890,5.65,964,8740,124,1755,65,1067,53,1263,133,860,66,1425,106,1407,0,54,122,1695,190,3356,148,1758,1572,18216,55,872,651,6362,21,134,14,155
376,2021-02-04,4571,3,4092,3391,49598,37953,47238,5.37,664,9309,51,1357,48,920,238,1366,100,914,78,938,163,1454,0,39,157,1307,175,2984,270,1737,2056,19559,69,788,481,6658,1,106,20,162
377,2021-02-05,3391,4,3392,3847,49597,38913,41461,4.22,598,9843,91,1139,58,724,141,1193,116,952,51,779,92,1250,1,31,149,1237,196,2696,178,1683,1228,20237,84,766,395,6819,7,86,6,162
378,2021-02-06,3847,4,1692,3731,51752,35240,38260,5.23,585,10319,64,1081,62,761,329,1496,133,995,48,815,36,1231,4,33,211,1394,233,2701,185,1722,1481,21225,56,690,402,7046,10,82,8,161
379,2021-02-07,3731,8,3369,3100,52114,27266,27400,6.83,499,10649,43,1045,32,745,313,1753,92,1022,34,841,71,1241,2,35,250,1484,160,2541,219,1832,1606,21470,29,620,372,6620,0,71,9,145
380,2021-02-08,3100,1,2340,2764,52874,49884,29872,3.89,490,10808,37,918,30,638,344,1989,104,1026,28,814,72,1175,4,35,209,1543,169,2454,84,1756,1196,22221,30,601,295,6689,0,57,8,150
381,2021-02-09,2764,6,3887,3288,51751,43635,38431,3.37,521,10960,59,885,62,632,203,2084,99,1085,32,785,40,1020,0,32,119,1480,180,2379,111,1691,862,21397,34,574,422,6554,10,55,10,138
382,2021-02-10,3288,5,1929,3384,53110,45768,39113,3.87,369,11258,48,932,44,628,92,1869,157,1195,14,793,42,1005,0,23,59,1431,132,2337,135,1717,1757,22802,24,568,408,6376,3,50,4,126
383,2021-02-11,3384,15,3774,3318,52720,34342,38084,4.67,777,11727,228,1055,48,647,101,1424,89,1173,21,803,82,1061,4,27,144,1454,142,2306,184,1745,1082,22378,26,543,435,6197,14,63,7,117
384,2021-02-12,3318,7,3505,3499,52533,16082,24927,8.09,742,10844,188,1153,79,696,45,1416,118,1229,30,828,99,1111,0,25,149,1455,118,2158,83,1647,1214,22749,72,570,374,6474,1,59,6,119
385,2021-02-13,3499,1,3515,2464,52517,15396,18151,10.43,802,10372,111,1204,44,710,50,1369,58,1227,13,831,121,1135,2,22,138,1509,101,2085,152,1706,1345,23169,46,555,511,6456,2,51,3,116
386,2021-02-14,2464,3,4525,2176,50456,17173,16420,7.33,492,10792,92,1218,88,765,11,1345,40,1168,10,832,85,1159,0,20,56,1464,116,1981,161,1707,1103,21414,51,505,154,5941,1,46,4,99
387,2021-02-15,2176,1,4521,2720,48111,34866,23390,3.74,269,11020,33,1222,31,759,14,1322,145,1255,15,843,83,1187,0,18,91,1452,97,1911,246,1724,910,19242,53,505,182,5514,0,42,7,95
388,2021-02-16,2720,0,5718,2998,45113,39725,33829,3.7,451,11366,38,1222,17,738,14,1317,64,1250,19,858,69,1213,0,14,72,1446,132,1879,193,1772,1300,16475,26,503,318,4938,1,38,6,84
389,2021-02-17,2998,7,5709,2712,42402,41570,35117,3.91,436,10280,36,985,72,587,20,988,233,1214,14,543,99,1027,0,12,92,1226,94,1570,200,1731,1382,16731,91,473,226,4919,1,32,2,84
390,2021-02-18,2712,4,5320,2936,39794,45157,35973,3.34,426,8210,182,1118,43,596,38,967,81,1241,52,588,198,1200,6,16,116,1278,114,1553,200,1784,1013,16003,19,470,212,4660,5,31,7,79
391,2021-02-19,2936,9,4889,2461,37841,45336,34467,3.68,730,7826,36,915,38,545,26,734,191,1213,26,378,155,1120,0,14,188,1243,101,1567,199,1846,978,15498,37,469,227,4376,1,27,3,70
392,2021-02-20,2461,0,4782,3297,35520,33052,36506,3.54,233,7556,101,963,257,757,32,752,89,1271,42,416,108,1178,3,17,87,1226,109,1564,134,1920,1001,13606,22,466,230,3733,0,25,13,70
393,2021-02-21,3297,6,4456,2192,34361,30726,23427,6.09,431,7521,15,901,30,706,65,529,122,1192,9,316,1215,2244,0,17,127,1042,85,1493,185,1907,868,12569,12,428,123,3398,3,25,7,73
394,2021-02-22,2192,3,3414,2468,33139,45751,28119,2.97,211,7113,26,848,28,710,14,478,64,1180,7,299,148,2306,4,21,135,1021,110,1481,221,2047,910,12073,4,389,303,3079,0,25,7,69
395,2021-02-23,2468,4,4055,3545,31552,52156,33954,2.87,428,6458,15,771,96,764,22,394,100,967,11,280,308,2490,0,17,155,1062,94,1554,133,1928,932,11549,9,349,155,2876,6,30,4,63
396,2021-02-24,3545,1,3331,1924,31766,44841,30281,4.72,318,6258,17,601,53,717,26,383,1392,2240,8,268,188,2583,0,16,95,1062,105,1470,353,2134,581,10808,22,308,381,2825,5,34,1,59
397,2021-02-25,1924,6,3752,2253,29938,47439,38490,2.24,257,5711,29,621,44,735,22,348,62,2206,19,263,120,2522,1,16,162,1070,93,1436,219,2109,666,9870,6,268,218,2671,4,36,2,56
398,2021-02-26,2253,7,3085,2364,29106,46207,34014,2.81,276,5266,25,591,73,761,13,330,68,2129,21,241,545,2945,4,15,93,1035,129,1434,250,2193,633,9354,1,258,122,2475,0,31,0,48
399,2021-02-27,2364,1,3320,2437,28150,34017,29550,3.72,314,4760,17,543,68,783,17,320,74,2094,8,230,305,3073,0,15,155,1078,157,1413,255,2190,862,9084,11,239,117,2248,0,31,4,49
400,2021-02-28,2437,1,3251,1828,27336,32557,26969,4.09,340,4578,13,483,33,729,10,294,65,2127,11,232,287,2558,0,15,105,1078,134,1385,171,2145,914,9055,12,216,337,2362,2,30,3,49
401,2021-03-01,1828,7,2486,1555,26678,36707,24413,2.99,490,4822,16,454,36,721,8,266,167,2109,8,222,144,2554,1,13,85,1032,104,1416,220,2193,453,8502,15,204,75,2096,0,27,6,47
402,2021-03-02,1555,3,2528,1745,25705,34106,30801,2.4,163,4551,11,401,46,715,11,252,115,2021,3,208,63,2475,0,12,106,1071,53,1384,159,2132,672,8269,7,178,145,1965,0,27,1,44
403,2021-03-03,1745,2,2276,2063,25174,34310,31922,2.63,376,4533,40,414,33,665,36,272,24,2000,36,230,136,2152,0,12,90,1062,95,1385,139,2106,640,8216,5,112,92,1949,0,20,3,46
404,2021-03-04,2063,9,2922,2154,24315,32297,35232,3.05,255,4407,12,255,44,681,3,237,91,1341,13,210,101,2150,1,11,337,1269,78,1369,361,2188,630,8129,10,104,120,1895,0,17,7,52
405,2021-03-05,2154,5,3275,1680,23194,29330,29415,3.67,463,4105,9,238,57,698,10,225,77,1310,38,225,109,1696,1,10,119,1227,97,1373,250,2260,794,7813,16,103,108,1838,2,18,4,55
406,2021-03-06,1680,3,2548,1683,22326,25248,29061,3.09,139,4012,11,204,35,510,10,222,89,1270,17,211,68,1517,0,10,84,1189,74,1342,221,2271,826,7641,22,118,81,1744,1,18,2,47
407,2021-03-07,1683,10,2506,1529,21503,19363,21633,4.11,158,3843,15,192,12,470,3,185,48,1272,12,215,48,934,24,34,172,1224,99,1349,201,2284,746,7776,10,122,125,1531,8,25,2,47
408,2021-03-08,1529,9,2076,1280,20956,29656,23400,2.88,120,3801,9,182,28,445,4,178,89,1298,3,204,49,825,17,50,76,1138,71,1296,252,2314,726,7585,13,123,71,1458,0,23,1,36
409,2021-03-09,1280,2,2345,1448,19891,27367,32219,2.15,165,3573,25,186,16,388,0,162,45,1259,2,198,34,765,1,51,143,1183,64,1239,163,2270,464,7051,36,152,119,1359,0,23,3,32
410,2021-03-10,1448,10,2137,1647,19202,27662,31292,2.46,273,3510,20,189,19,349,11,129,10,712,1,158,83,663,7,54,99,1138,54,1236,199,2315,561,7140,8,146,103,1409,0,23,0,31
411,2021-03-11,1647,5,2104,1575,18745,25072,34484,2.77,170,3462,18,196,28,328,71,177,79,675,7,154,69,643,2,56,169,1003,61,1219,168,2221,712,7106,4,139,86,1317,1,24,2,25
412,2021-03-12,1575,7,2042,1470,18278,25392,28507,2.92,135,3298,23,183,43,315,25,189,32,632,4,121,44,600,25,81,132,988,57,1188,173,2161,751,7055,16,152,108,1264,3,24,4,27
413,2021-03-13,1470,12,1830,1354,17918,20420,25859,3.18,101,3071,13,184,40,301,2,170,6,614,8,126,72,576,29,109,178,1049,71,1182,222,2157,551,6887,14,152,158,1291,1,20,4,29
414,2021-03-14,1354,14,1782,1208,17490,13741,20580,3.95,121,2903,33,207,26,273,4,166,21,479,5,118,101,598,0,106,154,1124,39,1063,178,2167,577,6888,37,159,55,1191,1,20,2,28
415,2021-03-15,1208,9,1973,1063,16725,28379,23368,2.33,118,2501,27,218,25,281,2,164,80,442,17,129,37,594,0,96,142,1154,29,966,251,2218,379,6561,39,192,61,1161,0,19,1,29
416,2021-03-16,1063,4,1365,1219,16423,28634,31438,1.77,91,2437,32,235,67,318,1,162,17,423,2,130,24,558,0,84,175,1229,38,934,183,2193,323,6332,23,207,86,1133,1,20,0,28
417,2021-03-17,1219,7,1346,1213,16296,27347,35090,1.95,169,2272,26,252,19,318,20,178,46,449,3,119,36,543,1,84,69,1235,31,884,225,2196,499,6383,15,211,54,1122,1,21,5,29
418,2021-03-18,1213,6,1503,1576,16006,28004,33631,1.97,142,2212,38,268,20,312,8,181,23,430,14,127,39,539,0,76,104,1237,73,910,303,2268,353,6090,15,186,79,1118,2,23,0,29
419,2021-03-19,1576,11,1996,1671,15586,26887,32129,2.67,137,1903,25,272,52,337,54,177,41,407,13,127,100,570,0,64,182,1245,33,865,407,2482,348,5718,6,188,175,1183,2,21,1,27
420,2021-03-20,1671,2,1585,1327,15672,21752,32451,3.08,130,1890,46,300,63,350,18,177,25,375,3,115,37,499,0,14,328,1372,102,926,154,2425,652,5779,32,215,78,1189,3,23,0,23
421,2021-03-21,1327,11,1247,1116,15752,16739,20913,3.52,141,1912,30,313,30,362,10,179,22,392,11,113,55,469,5,16,205,1400,50,929,276,2532,356,5642,18,218,115,1230,0,22,3,23
422,2021-03-22,1116,8,1495,1384,15373,31457,24836,1.98,86,1819,27,300,44,372,12,185,41,383,42,153,39,475,0,12,88,1338,36,887,124,2419,403,5506,3,201,158,1268,8,29,5,26
423,2021-03-23,1384,9,1058,1268,15699,26006,29382,2.5,161,1714,51,320,65,405,45,229,10,367,38,188,4,445,0,12,100,1324,60,905,140,2368,625,5859,7,185,64,1309,14,43,0,26
424,2021-03-24,1268,5,1083,1360,15884,27946,33088,2.08,135,1759,49,358,49,406,52,275,59,419,43,230,42,417,0,11,99,1328,45,926,141,2385,490,5863,4,151,53,1283,1,42,6,31
425,2021-03-25,1360,1,1491,1275,15753,25296,34184,2.29,129,1692,44,377,63,421,32,300,49,412,10,232,71,461,0,10,113,1291,70,911,308,2506,356,5628,6,134,98,1302,3,42,8,34
426,2021-03-26,1275,32,1509,1199,15519,22831,31121,2.36,120,1653,27,366,86,484,19,286,12,405,6,234,28,448,2,9,137,1263,51,896,213,2480,478,5470,3,119,86,1324,5,46,2,36
427,2021-03-27,1199,5,1257,1302,15461,17904,28668,2.57,81,1623,33,380,138,582,36,309,43,434,30,261,9,426,0,9,125,1243,64,913,267,2466,283,5369,3,103,84,1261,2,46,1,36
428,2021-03-28,1302,9,1127,941,15636,13446,22617,3.61,176,1608,23,401,34,596,5,309,9,425,32,288,23,387,0,9,212,1280,38,907,426,2686,256,5301,2,103,58,1256,6,44,2,36
429,2021-03-29,941,8,1097,1133,15480,27131,23865,1.85,171,1680,13,349,49,586,8,312,18,404,5,268,5,369,0,9,164,1256,34,909,192,2663,219,5275,4,84,57,1241,1,39,1,36
430,2021-03-30,1133,8,1148,1482,15465,27559,29158,2.0,96,1737,41,358,44,596,6,308,39,410,16,282,44,398,1,10,194,1243,41,868,153,2615,401,5302,2,49,53,1213,1,39,1,37
431,2021-03-31,1482,2,1070,1178,15877,28886,30846,2.48,86,1664,37,368,57,612,41,341,32,401,36,308,31,401,1,10,200,1337,69,898,176,2650,661,5566,2,48,42,1188,8,45,3,40
432,2021-04-01,1178,20,1377,1294,15678,26971,30942,2.03,165,1684,32,339,27,584,9,342,34,424,14,317,31,356,0,9,190,1361,86,923,238,2477,237,5572,6,51,101,1155,7,44,1,40
433,2021-04-02,1294,26,1442,1638,15530,25699,34462,2.15,103,1664,21,311,66,596,22,298,31,435,57,352,14,286,1,10,139,1319,63,942,217,2462,455,5561,8,45,88,1161,4,44,5,44
434,2021-04-03,1638,7,1449,1349,15719,19202,28917,3.4,83,1605,20,294,64,598,20,306,25,432,35,385,494,707,0,6,92,1204,73,979,290,2522,352,5396,4,48,67,1133,12,56,7,48
435,2021-04-04,1349,7,1270,1070,15798,14788,22073,3.66,95,1548,32,293,18,544,15,303,20,410,11,369,24,728,1,7,185,1235,68,977,419,2688,343,5480,6,52,73,1030,22,73,17,61
436,2021-04-05,1070,9,1294,1300,15574,27402,23550,2.1,55,1521,34,297,31,492,25,325,12,405,37,341,8,717,2,9,133,1162,65,999,225,2687,327,5374,3,50,88,1041,17,85,8,69
437,2021-04-06,1300,24,1412,1139,15462,26465,33554,2.17,98,1396,27,292,126,584,7,285,14,397,11,349,61,766,0,9,110,1123,112,1051,385,2847,242,5063,9,58,87,1079,8,92,3,71
438,2021-04-07,1139,13,1199,1285,15402,25607,35869,1.85,102,1353,35,305,38,569,13,247,30,358,23,329,24,781,0,9,93,1123,60,1047,332,3028,294,4946,10,65,84,1086,1,91,0,65
439,2021-04-08,1285,17,1175,1854,15512,26675,36199,2.04,101,1393,31,309,87,596,11,220,12,340,12,327,24,751,1,9,162,1151,106,1094,211,3024,374,4889,11,75,120,1166,3,92,19,76
440,2021-04-09,1854,20,1247,1510,16119,23760,34259,3.2,103,1394,40,319,143,676,34,242,40,343,19,324,29,761,0,8,176,1216,139,1180,555,3318,403,4852,29,100,135,1222,3,84,6,80
441,2021-04-10,1510,5,1248,1739,16381,20712,31258,2.91,80,1400,59,355,171,777,6,209,28,353,13,303,46,773,2,10,101,1191,131,1250,296,3230,415,5010,44,139,106,1231,2,63,10,87
442,2021-04-11,1739,8,1216,1317,16904,15917,23392,4.42,67,1285,40,367,98,839,59,252,40,372,22,316,50,797,0,8,113,1157,127,1289,443,3350,535,5291,34,166,96,1265,4,53,11,97
443,2021-04-12,1317,12,1052,1767,17169,28404,28815,2.3,61,1159,47,387,58,846,11,259,63,393,32,341,21,801,2,10,112,1149,109,1337,351,3503,303,5298,22,185,116,1349,0,46,9,106
444,2021-04-13,1767,9,1290,1889,17646,27880,43049,2.49,74,1177,39,396,103,911,17,267,29,413,14,339,36,823,0,10,92,1078,117,1368,607,3794,483,5290,13,191,133,1435,3,49,7,105
445,2021-04-14,1889,6,1485,2148,18050,26793,41966,2.75,84,1152,53,414,226,1065,6,247,51,431,13,317,56,821,3,13,92,1001,142,1428,489,4045,517,5246,14,202,134,1525,1,35,8,108
446,2021-04-15,2148,19,1259,2551,18939,27499,43027,3.05,182,1190,26,427,221,1192,53,288,34,437,34,331,51,855,1,13,134,1004,202,1553,512,4324,459,5361,57,251,171,1571,3,31,8,111
447,2021-04-16,2551,29,1524,2331,19966,26052,45549,3.56,121,1223,35,412,164,1273,28,296,53,457,47,327,49,704,2,13,91,993,143,1577,960,4935,590,5624,16,260,245,1737,1,31,6,104
448,2021-04-17,2331,12,1832,2195,20465,22492,42744,3.57,100,1245,45,428,225,1423,9,293,89,514,20,318,42,413,1,14,116,984,163,1650,512,4989,751,5903,0,247,252,1915,2,33,4,96
449,2021-04-18,2195,10,1427,2078,21233,17599,33908,4.26,387,1525,30,420,332,1654,15,292,42,527,15,316,35,416,3,17,84,954,112,1680,508,5028,431,6044,16,226,176,2009,6,35,3,90
450,2021-04-19,2078,13,1402,2341,21909,29638,35493,3.19,115,1585,48,413,290,1827,27,307,91,590,32,317,43,422,1,15,91,926,125,1717,589,5259,457,6200,8,200,153,2016,6,39,2,76
451,2021-04-20,2341,7,1592,2340,22658,29344,50903,2.92,102,1524,44,404,429,2151,19,312,17,521,17,310,34,410,3,17,92,934,82,1716,600,5441,539,6368,15,175,344,2260,1,39,3,76
452,2021-04-21,2340,12,1910,2875,23088,30944,50314,2.88,170,1628,55,432,370,2393,63,361,24,516,81,378,38,422,1,17,111,973,172,1794,429,5406,526,6107,1,145,291,2408,2,38,6,70
453,2021-04-22,2875,29,2541,2847,23422,31425,50522,3.51,169,1664,91,474,662,2863,42,381,55,510,29,387,49,429,0,17,144,985,160,1795,474,5360,633,5835,22,111,332,2502,3,38,10,71
454,2021-04-23,2847,4,2341,2717,23928,29667,55600,3.34,130,1686,44,485,476,3240,42,395,105,569,39,423,45,423,0,15,89,946,82,1693,717,5458,748,5721,11,105,302,2651,3,40,14,78
455,2021-04-24,2717,27,2292,2690,24353,23406,48966,3.75,126,1777,34,475,518,3630,30,320,27,562,22,415,54,444,1,16,134,993,132,1705,570,5363,768,5666,50,150,240,2723,0,36,11,78
456,2021-04-25,2690,10,1853,2776,25190,17140,41234,4.61,159,1792,76,497,424,3959,42,344,57,555,33,441,64,457,1,17,117,960,121,1724,595,5494,751,5901,25,170,217,2771,3,32,5,76
457,2021-04-26,2776,4,1803,2733,26163,31908,39047,3.91,309,2077,39,505,343,4157,34,341,112,632,34,432,45,464,0,17,123,1010,88,1634,615,5542,762,6224,9,155,254,2872,2,27,7,74
458,2021-04-27,2733,5,2019,3142,26877,33243,53343,3.16,220,2203,51,516,484,4469,33,354,39,604,35,452,38,458,1,18,115,1026,82,1576,432,5309,750,6518,61,196,377,3071,0,26,15,81
459,2021-04-28,3142,13,1822,3332,28197,33956,54338,3.56,194,2249,120,602,523,4869,42,339,61,632,15,432,69,481,1,10,98,996,87,1474,416,5283,1019,7137,40,227,440,3343,4,30,13,93
460,2021-04-29,3332,9,1943,3788,29586,27299,53799,4.11,207,2274,105,632,401,5065,43,353,111,689,92,521,91,543,1,10,158,1074,131,1490,522,5301,1083,7759,19,225,359,3524,0,27,9,99
461,2021-04-30,3788,2,2640,2881,30734,32046,50096,4.61,160,2321,136,725,464,5279,55,366,136,770,54,532,118,599,5,13,250,1269,89,1417,760,5187,1265,8301,37,224,255,3617,2,25,2,89
462,2021-05-01,2881,16,2462,3418,31153,18496,44204,4.59,310,2529,111,785,442,5510,54,365,89,779,47,545,64,606,0,12,133,1233,64,1388,445,5065,759,8357,42,261,315,3613,3,26,3,79
463,2021-05-02,3418,10,2698,2500,31873,18291,38880,5.98,213,2331,101,824,400,5362,61,396,73,795,45,562,77,648,4,16,145,1245,115,1409,587,5186,1200,8919,184,437,198,3629,7,31,8,83
464,2021-05-03,2500,4,2068,3120,32305,35749,38684,3.36,205,2462,103,855,401,5569,95,458,97,826,55,604,59,649,0,15,194,1340,57,1361,356,5082,637,8884,38,462,200,3626,0,30,3,82
465,2021-05-04,3120,6,2334,3744,33091,36176,57895,3.32,336,2727,155,943,296,5332,52,473,95,892,41,626,117,719,0,14,167,1429,89,1341,620,5313,675,8991,53,497,408,3673,5,34,11,87
466,2021-05-05,3744,7,2304,3551,34531,34745,59389,3.98,292,2749,124,986,480,5321,43,493,76,948,49,603,65,731,1,13,195,1534,50,1318,419,5314,1548,9963,73,555,313,3868,5,39,11,96
467,2021-05-06,3551,16,2709,4498,35373,33154,59278,3.84,258,2856,112,967,326,5151,82,544,85,958,97,672,137,838,3,14,305,1633,69,1246,391,5250,1137,10495,58,560,477,4050,2,38,12,101
468,2021-05-07,4498,5,3449,4519,36422,32837,54540,5.15,327,2961,209,1099,297,4746,74,582,188,1064,78,707,148,912,4,18,313,1775,153,1288,750,5297,1424,11045,87,616,436,4178,2,34,8,100
469,2021-05-08,4519,5,2719,3733,38222,28286,51683,5.65,288,3176,183,1180,373,4854,100,630,98,1047,99,787,108,965,1,17,363,2060,63,1253,479,5250,1722,11722,71,660,557,4482,2,36,12,103
470,2021-05-09,3733,6,3211,3807,38744,21600,45496,5.56,365,3260,176,1253,254,4571,66,635,205,1192,100,855,80,906,1,18,280,2209,61,1243,454,4984,1278,12205,49,677,338,4573,6,42,20,121
471,2021-05-10,3807,5,3454,3973,39097,25101,38398,6.0,257,3151,224,1371,329,4517,88,673,144,1229,77,905,119,978,3,21,245,2263,96,1237,649,5034,1149,12354,93,600,320,4609,3,38,11,117
472,2021-05-11,3973,5,2848,4765,40222,42933,59519,3.88,384,3304,174,1491,321,4338,79,729,126,1296,85,957,140,1008,0,21,187,2280,50,1196,512,5038,1328,12990,93,657,483,4770,3,36,8,111
473,2021-05-12,4765,7,3124,4855,41863,29418,54272,5.69,348,3475,226,1490,297,4258,110,800,122,1342,63,1004,172,1095,1,19,259,2291,70,1210,405,4908,2082,14256,60,676,540,4897,6,39,4,103
474,2021-05-13,4855,3,3347,4113,43371,10966,44060,8.82,467,3664,193,1588,339,4302,67,813,100,1346,56,972,302,1363,0,17,395,2375,76,1235,395,4767,1783,14980,148,753,521,5056,4,38,9,102
475,2021-05-14,4113,1,4190,4140,43294,14196,33029,8.71,335,3800,228,1678,371,4189,107,867,124,1381,178,1097,147,1366,5,18,266,2194,53,1189,533,4719,1269,14743,165,846,306,5051,6,42,20,114
476,2021-05-15,4140,9,3432,3780,44002,26185,37043,6.55,433,3903,239,1791,109,3719,97,886,190,1454,116,1166,182,1445,2,20,338,2335,60,1148,324,4722,1507,15217,119,897,398,5129,3,45,23,125
477,2021-05-16,3780,2,3990,4446,43792,26300,41495,5.58,224,3849,363,2010,357,3765,122,926,70,1412,159,1276,115,1459,2,17,187,2395,87,1187,405,4600,1275,14759,58,883,342,5092,7,50,7,112
478,2021-05-17,4446,3,2784,4865,45454,49872,45115,4.68,391,4035,236,2072,343,3731,80,949,243,1547,139,1357,203,1498,0,16,159,2260,60,1143,433,4604,1650,15810,201,1008,297,5256,0,46,11,122
479,2021-05-18,4865,5,3497,6075,46822,50686,63638,4.26,407,4097,244,2112,406,3892,127,975,149,1570,152,1470,160,1540,2,16,220,2240,95,1127,512,4578,1743,16610,156,1092,477,5329,6,52,9,122
480,2021-05-19,6075,3,3516,6806,49381,53917,66368,5.05,699,4459,445,2477,441,4011,122,1050,189,1697,150,1567,220,1574,6,22,183,2180,160,1220,323,4556,2251,17464,203,1260,660,5669,14,58,9,117
481,2021-05-20,6806,2,3916,6493,52271,49746,71184,5.63,615,4807,417,2571,426,4078,212,1173,291,1870,157,1625,248,1730,8,30,362,2308,245,1420,608,4690,2277,18533,233,1379,655,5842,17,71,35,144
482,2021-05-21,6493,2,4508,6320,54256,51335,74852,5.15,406,4884,434,2835,467,4292,165,1248,370,2039,161,1710,382,1973,3,29,302,2330,144,1502,612,4795,2163,18890,139,1434,641,5991,84,146,20,158
483,2021-05-22,6320,3,4694,6976,55882,43315,73542,5.41,477,5083,301,2919,613,4592,175,1337,396,2341,227,1832,276,1950,18,44,359,2344,189,1636,749,5108,1647,18782,185,1524,654,6058,36,174,18,158
484,2021-05-23,6976,9,3587,6509,59271,45347,65498,6.29,549,5323,422,3133,626,4854,209,1451,434,2584,263,2009,279,2093,8,50,372,2640,136,1723,663,5409,2235,19712,266,1738,447,6176,37,206,30,170
485,2021-05-24,6509,26,3452,7289,62328,57969,53394,5.84,468,5555,348,3281,451,5161,329,1704,329,2775,257,2195,231,2183,7,57,384,2633,184,1820,530,5582,2049,20569,263,1895,468,6351,171,367,40,200
486,2021-05-25,7289,4,3789,7478,65828,55202,73659,5.66,664,5808,336,3529,425,5284,258,1907,410,3058,211,2294,218,2256,8,63,380,2748,266,1997,513,5599,2642,22060,268,2110,604,6474,63,430,23,211
487,2021-05-26,7478,5,4665,7857,68641,45377,77042,6.11,587,6005,542,3638,547,5479,230,2022,370,3315,171,2400,264,2315,8,69,420,2997,229,2145,640,5779,2455,22820,177,2224,760,6729,49,471,29,233
488,2021-05-27,7857,9,4598,8290,71900,54957,68535,6.36,549,6195,441,3752,754,5860,234,2198,353,3510,238,2581,228,2415,6,72,365,3116,217,2228,772,6183,2675,24039,282,2048,561,6822,170,640,12,241
489,2021-05-28,8290,2,4814,9020,75376,54953,78959,6.19,762,6617,544,3923,851,6266,380,2497,520,3854,254,2668,405,2594,8,77,421,3351,308,2400,698,6291,2052,24596,207,2104,830,7236,6,643,44,259
490,2021-05-29,9020,6,5527,6999,78869,45588,72827,7.62,468,6637,468,3969,907,6677,340,2768,898,4445,216,2749,272,2592,19,93,345,3486,265,2512,726,6461,2836,25633,189,2144,789,7553,253,884,29,266
491,2021-05-30,6999,4,5121,6824,80747,34277,61870,7.28,433,6732,422,4059,612,6708,202,2895,468,4648,239,2826,212,2508,7,82,248,3405,190,2571,513,6348,2477,26634,214,2284,616,7768,133,1017,13,262
492,2021-05-31,6824,3,5251,7105,82320,48601,58736,6.36,489,6790,464,4141,695,6845,352,3162,253,4723,219,3032,255,2656,12,87,328,3293,207,2547,654,6531,2111,27022,204,2254,387,7788,166,1182,28,267
493,2021-06-01,7105,2,6083,7703,83342,43798,68121,6.35,431,6831,236,3945,531,6923,249,3280,397,4706,190,2947,387,2648,0,85,400,3362,318,2666,703,6680,2068,27379,198,2249,817,8077,162,1300,18,264
494,2021-06-02,7703,2,5777,8209,85268,48417,66814,6.68,554,6859,283,3772,541,7123,209,3398,586,5090,237,3036,224,2682,7,83,407,3463,254,2707,588,6812,2728,28023,224,2357,701,8177,159,1439,1,247
495,2021-06-03,8209,64,7049,7748,86428,46266,65494,7.35,752,6919,373,3684,414,7029,322,3559,576,5354,135,3021,384,2637,5,82,303,3268,203,2709,594,6803,3125,29036,127,2212,801,8379,62,1495,33,241
496,2021-06-04,7748,2,6624,7452,87552,42625,67752,7.02,446,6958,263,3521,286,6840,234,3682,709,5526,146,2994,371,2759,8,88,376,3164,287,2751,706,6818,2612,29719,203,2212,851,8646,230,1642,20,232
497,2021-06-05,7452,8,6105,6241,88899,38952,59354,7.58,412,6943,263,3382,312,6183,206,3732,843,5852,286,3052,252,2788,4,81,370,3448,259,2815,651,6887,2509,30716,190,2257,678,8723,205,1807,12,233
498,2021-06-06,6241,14,5133,5271,90007,34234,52005,7.24,565,7102,125,3435,270,6056,225,3763,556,5991,155,2967,174,2769,2,71,271,3518,305,2912,600,7320,2178,30861,158,2347,415,8707,212,1952,30,236
499,2021-06-07,5271,14,7548,5566,87730,34761,45405,6.58,355,6849,194,3097,341,5962,178,3607,571,6165,99,2806,177,2522,1,68,153,3192,336,2992,703,7000,1374,30285,117,2239,455,8697,209,2033,8,216
500,2021-06-08,5566,4,6962,6239,86334,47625,46981,5.88,456,6759,148,2926,204,5736,314,3656,505,6240,157,2744,225,2445,1,63,185,3149,350,3027,707,7129,1524,29506,106,1945,466,8598,191,2182,27,229
501,2021-06-09,6239,11,7386,5671,85187,44620,61250,5.89,468,6690,135,2662,340,5498,150,3588,507,6325,232,2806,175,2356,4,59,194,2953,232,2985,419,6953,2291,29445,171,1902,704,8522,200,2222,17,221
502,2021-06-10,5671,8,7325,6849,83533,45147,56671,5.57,524,6582,309,2833,262,5034,184,3542,593,6649,112,2631,143,2270,3,60,166,2756,233,3006,631,6882,1510,28453,108,1732,769,8703,106,2179,18,221
503,2021-06-11,6849,4,7749,5793,82633,40195,56592,7.08,426,6321,161,2411,248,4668,170,3339,685,6769,89,2448,161,2183,2,53,205,2627,309,3081,699,6941,2558,28878,66,1671,884,8775,176,2272,10,196
504,2021-06-12,5793,6,8334,5304,80092,35763,51584,6.63,504,6431,171,2319,337,4431,178,3182,618,6539,121,2356,218,2020,5,49,198,2276,378,3249,569,7037,1582,27740,82,1371,559,8577,250,2314,23,201
505,2021-06-13,5304,5,8163,4949,77233,30644,42118,7.29,363,6361,301,2315,179,3232,145,3136,331,6342,78,2099,121,1895,5,47,256,2347,335,3255,544,6872,1973,27255,46,1071,462,8427,158,2386,7,193
506,2021-06-14,4949,6,6588,5419,75594,42227,38831,6.11,430,6325,199,2310,214,3149,119,2890,323,6318,61,1959,136,1829,1,40,214,2016,273,3138,744,7048,1523,26586,86,977,503,8511,113,2320,10,178
507,2021-06-15,5419,6,6831,5150,74182,38704,49996,6.11,366,6320,252,2203,245,3157,155,2609,396,6361,32,1753,68,1639,1,38,124,1827,230,3079,718,7011,1996,26519,43,825,650,8392,138,2289,5,160
508,2021-06-16,5150,3,7240,5738,72092,37642,41190,6.53,392,6114,228,2218,230,3070,152,2479,607,6332,57,1414,66,1397,8,42,99,1681,184,3038,570,6967,1914,26015,56,744,480,8190,101,2228,6,163
509,2021-06-17,5738,3,7530,6440,70300,37444,49978,6.56,449,5860,197,2157,154,2741,184,2353,1086,7028,54,1336,30,1262,0,42,97,1505,248,2936,559,6985,1858,25004,77,704,641,8032,97,2215,7,140
510,2021-06-18,6440,5,6861,5911,69879,36529,53170,7.18,592,6025,159,2150,200,2690,223,2354,870,7230,79,1269,357,1491,2,38,122,1479,199,2882,536,6746,2095,24498,32,655,816,8024,152,2217,6,131
511,2021-06-19,5911,1,6918,5293,68872,31096,51055,7.2,498,6150,204,2158,223,2587,134,2287,770,7252,56,1113,245,1564,0,37,167,1570,201,2705,569,6652,2111,24133,62,635,483,7812,185,2097,3,120
512,2021-06-20,5293,7,5941,4611,68224,26724,37104,8.29,627,6238,170,2175,167,2480,183,2268,693,7401,77,1006,205,1643,2,36,114,1552,163,2623,661,6696,1680,23623,12,565,379,7757,156,2062,4,99
513,2021-06-21,4611,8,5439,4743,67396,38055,35192,6.3,314,6238,182,2182,219,2405,205,2182,437,7267,50,889,453,1846,0,34,84,1468,166,2529,682,6833,1346,23338,18,520,310,7616,130,1950,15,99
514,2021-06-22,4743,2,5557,5244,66582,35009,47248,5.77,239,6024,142,2145,165,2349,167,1819,585,7344,131,892,68,1786,2,35,195,1227,193,2403,507,6584,1566,23673,37,453,635,7864,104,1886,7,98
515,2021-06-23,5244,7,6372,5841,65454,33567,48172,6.42,282,5879,189,2137,81,2122,180,1932,677,7495,245,1053,75,1794,1,31,159,1287,129,2195,577,6452,2001,23149,27,418,531,7625,77,1789,13,96
516,2021-06-24,5841,8,5411,5812,65884,33132,44281,7.55,346,5713,271,2165,135,1994,247,2004,781,7759,162,1130,120,1818,5,33,108,1252,203,2178,581,6477,2072,23548,29,393,552,7479,212,1836,17,105
517,2021-06-25,5812,32,6775,5803,64921,32949,47610,7.21,196,5504,186,2129,98,1898,223,2158,658,7684,139,1198,72,1671,0,28,270,1308,156,2061,673,6440,2187,23150,46,379,771,7378,123,1823,14,112
518,2021-06-26,5803,10,5193,5586,65531,29719,43672,7.91,329,5385,186,2125,103,1791,355,2417,741,7765,220,1386,137,1535,4,27,160,1425,189,2108,491,6334,2108,23510,29,370,628,7469,99,1762,24,122
519,2021-06-27,5586,3,4777,5218,66340,23627,39964,8.78,312,5343,129,2037,133,1755,380,2663,501,7874,118,1473,229,1694,0,27,138,1355,190,2146,513,6370,2212,23765,16,334,628,7630,83,1752,4,122
520,2021-06-28,5218,7,4744,6437,66814,37719,36384,7.04,243,5172,194,2056,101,1671,183,2685,629,8098,111,1580,400,1888,5,32,88,1311,258,2236,409,6093,1989,24248,23,334,469,7605,108,1689,8,116
521,2021-06-29,6437,14,5298,6276,67953,37271,53870,7.06,271,5139,284,2131,131,1627,252,2812,700,8336,250,1818,184,1954,0,29,115,1317,178,2195,242,5621,2299,24508,21,334,1361,8380,117,1614,32,138
522,2021-06-30,6276,16,4929,6988,69300,43012,54524,6.43,299,5047,226,2188,159,1609,223,2970,644,8350,210,1957,137,1881,5,30,131,1305,242,2251,376,5458,2836,25637,20,313,625,8458,132,1700,11,146
523,2021-07-01,6988,5,5580,6982,70708,43219,54811,7.13,270,4956,250,2252,108,1509,311,2964,692,8159,195,2133,149,1932,1,31,174,1375,232,2295,544,5415,2885,26693,50,331,988,8745,129,1773,10,145
524,2021-07-02,6982,3,6278,6658,71412,40860,55642,7.24,517,4889,257,2308,129,1551,202,2952,606,7756,329,2394,182,1996,0,30,351,1524,230,2360,440,5321,2907,27563,44,361,637,8493,131,1768,20,146
525,2021-07-03,6658,11,5677,6045,72393,30817,55023,7.76,414,4806,145,2227,89,1487,345,3198,699,7704,200,2517,101,2007,2,31,142,1662,322,2534,361,5015,3047,28388,51,374,616,8597,108,1692,16,154
526,2021-07-04,6045,20,5271,6387,73167,26064,42657,8.8,500,4748,332,2391,124,1522,290,3337,531,7549,95,2513,384,2177,0,28,173,1527,228,2642,365,4879,2262,29015,54,397,616,8690,75,1594,16,158
527,2021-07-05,6387,26,4532,7654,75022,44941,41819,7.36,324,4843,273,2494,114,1490,206,3408,523,7513,312,2663,249,2155,0,26,157,1603,263,2673,424,4893,2610,29938,17,405,819,9191,71,1558,25,169
528,2021-07-06,7654,11,4797,7097,77879,40048,52956,8.23,313,4957,337,2683,118,1491,230,3570,698,7585,180,2731,94,2071,2,25,185,1565,225,2698,286,4697,3260,31516,61,437,1550,10144,82,1520,33,189
529,2021-07-07,7097,26,4863,8868,80113,42534,59879,6.93,224,4939,198,2701,123,1486,358,3823,788,7731,258,2844,187,1948,2,22,140,1595,244,2715,289,4611,3119,32880,43,445,1005,10709,93,1453,26,211
530,2021-07-08,8868,10,5802,9180,83179,46348,60158,8.33,336,4924,360,2855,135,1469,183,3812,897,7830,152,2879,543,2333,1,20,237,1654,279,2791,281,4418,4152,34808,68,475,1133,11264,64,1399,47,248
531,2021-07-09,9180,7,5713,9353,86646,50294,64077,8.03,315,5013,417,3050,151,1487,222,3684,899,8111,214,2912,241,2421,1,17,142,1604,323,2884,406,4380,4400,37146,82,515,1271,11796,80,1375,16,251
532,2021-07-10,9353,11,5910,9105,90089,46869,55962,9.1,399,5163,364,3180,89,1445,835,3728,638,8023,247,2933,145,2404,4,21,180,1744,251,2999,352,4244,4277,39453,50,533,1398,12621,85,1326,39,272
533,2021-07-11,9105,18,5194,8574,94000,39886,55263,9.57,392,5208,382,3279,150,1492,278,3761,541,8068,300,3128,207,2491,1,19,243,1741,271,3024,270,4146,4682,42170,38,548,1247,13334,54,1290,49,301
534,2021-07-12,8574,40,5041,11079,97533,63357,55320,7.22,407,5381,415,3540,133,1522,411,4036,794,8252,314,3314,168,2310,0,19,231,1706,298,3016,235,4021,4308,44706,140,650,609,13502,66,1232,45,326
535,2021-07-13,11079,27,5990,11618,102622,71658,66706,8.01,406,5565,497,3775,211,1632,323,4260,1033,8482,321,3307,329,2392,0,15,234,1818,239,3011,472,4233,5263,47975,93,694,1521,13892,60,1189,77,382
536,2021-07-14,11618,26,6377,13215,107863,71575,70069,8.2,396,5645,504,4158,236,1739,526,3992,1537,9444,400,3364,164,2380,3,18,210,1883,286,2994,289,4231,5051,50593,189,821,1749,15102,38,1093,40,406
537,2021-07-15,13215,13,6095,12541,114983,77701,74255,8.7,599,5937,695,4591,255,1886,484,4293,1603,10472,222,3366,344,2626,3,21,509,2162,370,3157,363,4132,6120,54297,70,852,1499,15715,26,1021,53,455
538,2021-07-16,12541,16,6742,12528,120782,68659,75090,8.72,609,6073,458,4649,225,2010,575,4523,1619,11523,382,3382,299,2573,7,27,376,2385,326,3139,423,4224,5512,57337,102,907,1542,16701,24,823,62,506
539,2021-07-17,12528,19,6629,10710,126681,59602,75689,9.26,625,6268,701,5027,211,2108,569,4877,1280,11961,317,3476,428,2839,1,28,396,2574,647,3548,388,4255,4985,59529,177,1003,1740,17870,22,781,41,537
540,2021-07-18,10710,12,5778,10972,131613,50242,59769,9.74,808,6577,696,5403,146,2146,289,5043,771,12162,369,3651,407,2759,5,33,295,2851,666,3978,261,4090,4828,62244,123,1093,945,18259,50,748,51,576
541,2021-07-19,10972,48,6439,12366,136146,73269,60676,8.19,876,7140,705,5693,170,2163,474,5356,1340,12888,475,3876,324,2832,1,33,426,2878,651,4398,301,4061,4404,64269,144,1112,609,18125,24,718,48,604
542,2021-07-20,12366,8,7567,11985,140945,35951,60679,12.8,793,7456,701,6056,179,2206,309,5550,970,13134,288,3935,295,2966,2,33,460,3116,657,4770,351,4147,5524,66731,190,1240,1580,18271,17,709,50,625
543,2021-07-21,11985,7,7902,13034,145028,75243,62050,8.73,644,7800,800,6546,386,2432,453,5079,745,13146,603,4207,274,3070,2,34,362,3229,474,4933,261,4143,5550,69244,171,1320,1174,18520,35,677,51,648
544,2021-07-22,13034,25,8436,15573,149626,78947,76042,8.41,791,8229,701,6944,240,2436,353,5223,711,12957,261,4076,284,3136,6,35,371,3538,497,5164,644,4469,6049,71411,391,1680,1611,19013,24,603,100,712
545,2021-07-23,15573,32,10094,15902,155105,75750,80693,9.95,722,8544,937,7248,372,2630,452,5379,682,12690,457,4303,415,3121,3,37,530,3669,516,5310,461,4553,7672,74780,229,1730,2063,19808,21,569,41,734
546,2021-07-24,15902,26,9471,17045,161536,66923,71071,11.52,804,9050,867,7637,502,2945,631,5320,625,12600,406,4516,469,3344,7,43,505,3839,712,5657,261,4526,7351,77959,267,1961,2406,20836,30,515,59,788
547,2021-07-25,17045,6,9683,14516,168898,52772,67047,14.23,950,9434,1216,8251,266,2990,370,5417,513,12498,424,4742,609,3739,10,53,573,4372,818,5938,407,4688,8500,81814,273,2061,2045,21661,21,476,50,764
548,2021-07-26,14516,3,9371,16117,174043,91232,57971,9.73,1449,10454,1160,8818,346,3100,373,5545,452,12200,386,4784,590,4029,2,51,402,4460,720,6170,356,4736,6508,83974,245,2063,1425,22426,8,418,94,815
549,2021-07-27,16117,26,11526,17405,178634,84147,70425,10.43,907,11081,1000,9317,592,3517,674,6041,669,11797,403,4792,583,4273,2,53,618,4595,741,6259,405,4701,6616,85355,317,2235,2457,23367,11,389,122,862
550,2021-07-28,17405,6,12373,17170,183666,77798,73500,11.5,767,11140,1112,9925,532,3812,531,5820,863,11302,429,5064,406,4132,3,49,760,5031,913,6645,464,4824,7171,87521,490,2596,2880,24538,16,372,68,895
551,2021-07-29,17170,32,12930,16840,187906,79001,80399,10.77,1054,11588,1212,10426,615,4098,416,5865,884,10712,638,5631,596,4453,10,59,554,5330,776,6772,582,5076,7163,88623,437,2725,2138,25225,11,350,84,973
552,2021-07-30,16840,17,12179,17786,192567,72807,81791,10.89,1104,12220,1281,11574,656,4428,581,5929,1079,10380,540,5923,810,4919,13,69,689,5456,1066,7301,450,5199,6092,89235,258,2766,2114,25816,7,338,100,1014
553,2021-07-31,17786,9,11718,17150,198635,63316,72897,13.06,1144,12945,1389,11921,580,4882,697,6176,929,10102,653,6337,775,5366,16,85,713,5988,1035,7851,485,5373,6400,90674,883,3478,1962,26051,9,317,116,1089
554,2021-08-01,17150,1,11326,15764,204459,52108,54732,16.05,1045,12790,1511,12799,459,5057,686,6662,809,10127,676,6568,693,5619,21,97,752,6368,1002,8276,578,5698,6326,92220,429,3588,2086,27167,5,310,72,1113
555,2021-08-02,15764,6,11767,17105,208456,89014,57262,10.78,1222,13214,1108,13183,552,5181,463,6794,862,9711,475,6531,748,5909,9,98,667,6320,1166,8863,411,5743,6067,93879,425,3604,1536,28027,7,294,46,1105
556,2021-08-03,17105,37,12297,19819,213264,85565,84915,10.03,1275,13819,1036,13927,915,5785,508,7004,816,9623,628,6749,967,6375,7,98,798,6629,1010,9174,494,5862,5836,94177,429,3893,2309,28740,5,282,72,1127
557,2021-08-04,19819,23,12704,20596,220379,83348,74537,12.55,1162,14517,1371,13283,1003,6359,508,7088,800,9837,558,6861,662,6676,11,106,867,7298,949,9710,552,6122,8377,97055,481,4005,2467,30070,5,271,46,1121
558,2021-08-05,20596,34,13893,20889,227082,83060,71326,13.34,1300,14991,1446,13644,772,7090,622,7383,989,10164,426,6909,916,7244,4,106,1022,7393,1062,10153,759,6277,8549,99533,501,4193,2163,30658,15,266,50,1078
559,2021-08-06,20889,13,16394,19257,231577,79737,77875,13.25,1275,15579,1371,13567,938,6843,491,7536,986,10520,610,7189,624,7453,9,108,776,8024,1291,10674,652,6538,8792,100660,460,4345,2483,31121,9,262,122,1158
560,2021-08-07,19257,16,16323,18688,234511,71554,73395,13.29,1182,16025,1514,13848,930,7276,414,7362,884,10680,714,7526,774,7447,41,137,959,8499,1255,11276,573,6716,7084,100599,425,4411,2450,31298,2,259,56,1152
561,2021-08-08,18688,10,17055,17236,236144,59401,63659,15.19,1308,16366,1610,14102,870,7676,526,7417,1140,11225,602,7631,861,7479,6,131,694,8936,1379,12192,581,6895,6565,98959,598,4463,1883,31272,2,236,63,1164
562,2021-08-09,17236,29,15187,19991,238193,96021,57541,11.22,1232,16337,1328,14215,914,8128,360,7282,1215,11886,604,7735,935,7602,22,151,908,9586,1247,12581,589,7019,5740,97998,501,4953,1567,31354,8,233,66,1133
563,2021-08-10,19991,0,16258,20780,241926,64900,79665,13.83,1344,16959,1830,15077,1030,8711,578,7277,564,11737,539,7975,953,7760,24,159,743,9854,1383,13025,836,7290,7338,98760,378,4675,2374,31363,1,218,76,1086
564,2021-08-11,20780,15,17973,21668,244733,95214,75278,12.19,1693,17854,1534,15596,1284,9362,636,7363,1015,11979,585,8126,828,7886,29,185,1385,10490,1514,13318,634,7480,6921,98574,613,4663,2065,30589,3,211,41,1057
565,2021-08-12,21668,58,17687,21468,248714,93458,87780,11.96,1706,18432,2143,16222,972,9361,494,7261,899,12052,629,8150,930,8057,23,207,1229,11546,2052,14744,1216,8023,6278,97803,594,4678,2436,30929,11,218,56,1031
566,2021-08-13,21468,25,17025,20670,253157,84595,83098,12.8,1485,18673,1807,16681,1088,9576,723,7423,974,11969,572,8280,940,8449,50,254,1316,11607,1654,15613,715,8268,7449,99131,440,5052,2183,30964,6,220,66,997
567,2021-08-14,20670,8,17655,20546,256172,76484,79937,13.21,1425,19006,1796,17275,1370,10100,521,7195,727,11824,794,8468,1003,8640,61,285,1251,12123,1752,16521,725,8573,6606,99335,560,4623,2028,31057,0,215,51,932
568,2021-08-15,20546,14,16945,19740,259773,63849,71181,15.22,1508,19516,1596,17414,1025,10293,631,7284,698,11817,926,8741,1069,8928,21,288,1111,13105,1665,16959,963,8950,7307,100313,534,4631,1442,30407,3,217,47,910
569,2021-08-16,19740,19,17450,19631,262063,96219,63938,12.33,1510,19863,1592,17652,1227,10615,1120,7923,343,11307,646,8866,938,9127,20,292,1251,13134,1728,17170,1566,10046,5706,99821,688,4903,1360,30221,2,212,43,911
570,2021-08-17,19631,7,16467,22242,265227,89409,89546,10.97,1309,19936,1863,18228,1268,11255,623,8053,490,11060,670,8923,1101,9606,37,306,1275,13478,2103,18635,835,10236,5753,99700,498,5107,1765,29622,0,205,41,877
571,2021-08-18,22242,4,19680,22948,267789,88829,82821,12.96,1477,20317,1852,18811,1351,12267,579,8097,577,10993,675,9057,1036,9754,50,328,1867,13858,2413,20220,1403,10885,6858,98317,487,5044,1587,28790,5,200,25,851
572,2021-08-19,22948,9,21720,23564,269017,81565,90293,13.35,1526,20480,2137,19325,1271,12092,737,8295,556,10646,736,9210,1229,10224,42,354,1655,14767,2583,20766,1206,11454,7175,97075,621,5186,1439,28116,9,203,26,824
573,2021-08-20,23564,23,21448,22262,271133,76593,81270,14.93,1323,20546,1932,19802,1281,12409,610,8509,608,10288,517,9067,1248,10848,64,400,1523,15468,2738,21748,2548,13428,6974,95248,521,5174,1652,27261,1,203,24,734
574,2021-08-21,22262,40,18576,19807,274819,68462,75040,15.51,1558,21092,1880,19902,1039,12603,882,8768,405,9800,664,9019,946,10965,38,395,1459,16722,2651,23246,1964,14692,7011,95447,495,5162,1220,26082,9,206,41,718
575,2021-08-22,19807,5,18200,17672,276426,60752,65149,15.73,1391,21258,1948,19959,1196,12692,558,8935,508,9253,598,9180,703,10833,54,438,1501,17575,2638,24981,1772,15832,5379,94373,534,5028,999,25211,4,206,24,672
576,2021-08-23,17672,8,19053,20837,275045,94186,60669,11.41,1367,21326,1602,19477,1176,12594,363,9048,478,8570,506,8996,952,10646,57,483,1451,18151,2474,25712,1538,16836,4316,92930,470,4920,891,24515,7,207,24,634
577,2021-08-24,20837,22,18613,22642,277269,91628,85894,11.74,1743,21764,1772,19601,1422,13081,396,8779,351,8341,521,9061,1242,11254,74,527,2054,19656,3376,28258,1543,17553,4645,90269,383,4879,1284,23454,4,202,27,590
578,2021-08-25,22642,5,20798,24599,279113,90167,78146,13.45,1832,22002,2279,20067,1424,13850,342,8587,269,7681,522,9038,1390,11489,44,547,1427,19725,3224,29459,1667,18500,6325,89815,744,5033,1128,22550,4,206,21,564
579,2021-08-26,24599,8,22657,22070,281055,82344,72735,15.86,2785,23254,1538,19463,1312,13819,515,8679,526,7383,690,8805,1170,11280,67,576,2078,20505,3487,30392,2024,19328,6936,90595,567,5159,881,21083,3,202,20,532
580,2021-08-27,22070,15,21877,22597,281248,79606,74976,14.28,1809,23706,2072,19412,1051,13534,589,8558,338,6759,610,8746,939,11397,76,614,1829,21241,3010,31130,2224,20852,5920,89220,488,5258,1068,20106,8,206,39,509
581,2021-08-28,22597,12,19492,20579,284353,63708,71096,16.76,1896,24331,2162,19707,1289,13468,269,8395,345,6393,579,8485,1061,11553,98,656,1920,21924,2834,32828,2427,22425,5814,88661,739,5516,1111,19297,5,209,48,505
582,2021-08-29,20579,7,20845,19268,284087,54462,54230,18.93,1852,24818,1755,19522,1316,13428,636,8437,329,6174,839,8689,1208,11254,56,685,1378,22220,2578,33658,2522,23845,4591,86051,789,6019,680,18575,2,211,48,501
583,2021-08-30,19268,16,21257,20897,282098,93514,62893,12.32,2265,25728,2084,19693,1308,13311,395,7747,269,6061,788,8963,1144,11254,71,728,1780,22695,2310,32927,2028,24443,3567,83898,544,6084,672,17854,2,212,41,500
584,2021-08-31,20897,1,18465,18762,284530,55573,67125,17.03,2159,26648,1942,19765,1479,13557,417,7553,215,5803,798,9216,1204,11291,64,737,1732,22830,2594,32900,2285,25637,4371,84540,608,6187,1003,17179,1,209,25,478
585,2021-09-01,18762,5,21073,20988,282219,96183,69043,11.36,1993,27251,1585,19783,1504,14056,309,7341,291,5568,715,9235,899,11428,33,730,1762,22811,2430,32985,2414,26586,3711,81422,506,6120,573,16221,3,200,34,482
586,2021-09-02,20988,1,23473,19378,279734,90232,70035,13.1,2145,27954,2455,19942,1247,14102,407,7049,301,5393,599,8938,990,11393,90,782,1600,22782,2329,31959,2992,28162,4073,78504,987,6523,731,15549,5,204,37,498
587,2021-09-03,19378,14,22399,19057,276713,77745,69765,13.14,2331,29041,1470,19004,1356,14510,399,6884,270,5129,559,8656,1389,12034,80,804,1726,22993,2404,32634,2464,27867,3613,75223,532,6524,740,14696,4,205,41,509
588,2021-09-04,19057,10,21582,20396,274188,64085,68963,14.32,2077,29615,1329,18476,1434,14678,338,6345,242,4968,410,8317,1450,12514,99,863,1558,23268,2279,32962,2723,28349,3775,72029,605,6887,711,14233,9,200,18,484
589,2021-09-05,20396,8,20573,17352,274011,56013,54484,18.46,2165,30445,1587,18270,1078,14082,459,6316,269,4753,486,8234,1057,12780,78,862,1961,23707,2136,32177,3747,30127,3886,70545,861,7153,597,13871,4,204,25,485
590,2021-09-06,17352,8,20201,18547,271162,96917,65402,10.69,2101,31204,1599,17930,1213,13776,295,6264,193,4483,463,8088,1082,12843,38,863,1558,23715,1844,30515,3714,32070,2126,68034,700,7381,398,13321,5,209,23,466
591,2021-09-07,18547,18,18902,19733,270807,89432,75120,11.27,2174,31676,1487,17630,1458,13943,448,6379,229,4323,742,8244,1197,12754,20,818,1776,23681,2107,31035,3200,33693,2407,65796,645,7471,631,12700,4,206,22,458
592,2021-09-08,19733,3,22701,19307,267839,85696,71053,12.59,1867,31754,1564,17282,1471,14190,375,6649,256,4345,700,8535,1319,12895,74,860,2474,24883,2067,27911,3100,35118,2989,62723,904,7854,537,12156,7,199,29,485
593,2021-09-09,19307,6,24855,21176,262291,77259,66662,13.41,2032,31022,1355,16704,1438,14122,340,6463,207,4058,661,8725,1341,13421,108,906,2243,25117,2298,26581,3118,36078,2700,58483,910,8100,513,11825,15,211,28,475
594,2021-09-10,21176,4,21476,19550,261991,69731,62490,16.02,2297,31576,1808,16312,1254,14779,485,6333,252,3999,853,9022,1366,13988,77,881,1939,25256,2246,25768,3734,37568,3595,56261,776,8306,467,11257,6,216,21,469
595,2021-09-11,19550,7,21771,19198,259770,58493,66155,15.68,2282,32035,1390,16099,1320,14559,490,6500,198,3874,722,9223,1354,14148,73,871,1865,25359,2163,25922,3743,38609,2416,53052,953,8108,555,10744,2,216,24,451
596,2021-09-12,19198,5,20980,16073,257988,48696,50964,19.26,2110,32356,1256,15510,1435,14249,340,6248,283,3850,584,9002,1118,13592,67,892,1309,25009,1717,25696,5291,41039,2347,50870,930,8565,376,10445,3,219,32,446
597,2021-09-13,16073,21,24813,15669,249248,84811,50451,11.88,2030,32187,1191,14712,1070,13759,206,6065,156,3756,878,9107,1011,13391,41,867,1243,19229,1649,25260,3522,42233,1947,49224,704,8649,398,10162,11,228,16,419
598,2021-09-14,15669,17,18053,19495,246864,83980,66191,10.43,1974,32053,1207,14351,1406,13910,329,6031,143,3690,763,9269,856,13401,30,837,1651,20609,1784,24903,1983,41779,2632,47492,483,8362,411,9547,3,226,14,404
599,2021-09-15,19495,11,18760,18815,247599,79454,62947,13.69,1860,31970,1178,14118,1434,13891,190,5805,222,3725,766,9374,1174,13046,108,898,1757,20133,2015,24975,4709,44120,2710,46625,993,8970,363,9342,0,221,16,386
600,2021-09-16,18815,7,16939,17577,249475,47522,48838,19.53,2206,32092,1233,13730,1222,13814,269,5746,170,3615,712,9597,1446,13017,80,882,1777,21803,1982,25859,3660,44727,2718,45333,814,9499,493,9156,11,222,22,383
601,2021-09-17,17577,3,22970,15549,244082,66469,40675,16.41,2334,32157,1173,13253,869,13102,287,5538,198,3549,832,9692,1596,14041,41,844,1462,19628,1533,23898,3480,45805,2646,44436,719,8716,366,8818,10,228,31,377
